timestamp,ticker,model_type,model_name,side,true_prob,edge,confidence,market_yes_price,market_no_price,consensus_side,was_consensus,outcome
2025-12-27T05:35:53.793944,KXGDP-26JAN30-T2.5,groq,llama-3.3-70b-versatile,YES,0.52,0.10640000000000001,6,0.47,0.53,YES,True,
2025-12-27T05:35:56.813869,KXGDP-26JAN30-T2.5,deepseek,deepseek-chat,SKIP,0.48,0.01,3,0.47,0.53,YES,False,
2025-12-27T05:35:57.513250,KXGDP-26JAN30-T2.5,gemini,gemini-2.0-flash,YES,0.6,0.2766,6,0.47,0.53,YES,True,
2025-12-27T05:35:59.026327,KXGDP-26JAN30-T2.5,openai,gpt-4o-mini,YES,0.55,0.1702,7,0.47,0.53,YES,True,
2025-12-27T05:36:00.151469,KXGDP-26JAN30-T2.5,claude,claude-3-haiku-20240307,YES,0.6,0.2766,7,0.47,0.53,YES,True,
2025-12-27T05:36:05.176818,KXGDP-26JAN30-T2.5,claude,claude-sonnet-4-5,SKIP,0.48,-0.01,3,0.47,0.53,YES,False,
2025-12-27T05:36:05.489499,KXHIGHCHI-25DEC26-B49.5,groq,llama-3.3-70b-versatile,SKIP,0.02,-0.98,8,0.99,0.010000000000000009,NO,False,
2025-12-27T05:36:08.397686,KXHIGHCHI-25DEC26-B49.5,deepseek,deepseek-chat,SKIP,0.99,0.0,10,0.99,0.010000000000000009,NO,False,
2025-12-27T05:36:09.066365,KXHIGHCHI-25DEC26-B49.5,gemini,gemini-2.0-flash,NO,0.05,4.0,8,0.99,0.010000000000000009,NO,True,
2025-12-27T05:36:10.200503,KXHIGHCHI-25DEC26-B49.5,openai,gpt-4o-mini,NO,0.3,-0.69,7,0.99,0.010000000000000009,NO,True,
2025-12-27T05:36:11.172616,KXHIGHCHI-25DEC26-B49.5,claude,claude-3-haiku-20240307,YES,0.99,0.0,10,0.99,0.010000000000000009,NO,False,
2025-12-27T05:36:15.086706,KXHIGHCHI-25DEC26-B49.5,claude,claude-sonnet-4-5,SKIP,0.99,0.0,1,0.99,0.010000000000000009,NO,False,
2025-12-27T05:36:15.369552,KXGDP-26JAN30-T3.5,groq,llama-3.3-70b-versatile,YES,0.32,0.12380000000000001,6,0.21,0.79,YES,True,
2025-12-27T05:36:18.361306,KXGDP-26JAN30-T3.5,deepseek,deepseek-chat,SKIP,0.2,-0.05,3,0.21,0.79,YES,False,
2025-12-27T05:36:19.009672,KXGDP-26JAN30-T3.5,gemini,gemini-2.0-flash,YES,0.4,0.905,5,0.21,0.79,YES,True,
2025-12-27T05:36:20.598268,KXGDP-26JAN30-T3.5,openai,gpt-4o-mini,NO,0.2,-0.2368,7,0.21,0.79,YES,False,
2025-12-27T05:36:21.494169,KXGDP-26JAN30-T3.5,claude,claude-3-haiku-20240307,NO,0.35,-0.5556,7,0.21,0.79,YES,False,
2025-12-27T05:36:25.468069,KXGDP-26JAN30-T3.5,claude,claude-sonnet-4-5,SKIP,0.18,-0.14,3,0.21,0.79,YES,False,
2025-12-27T05:36:25.817405,KXGDP-26JAN30-T.5,groq,llama-3.3-70b-versatile,SKIP,0.92,-0.0421,6,0.95,0.050000000000000044,NO,False,
2025-12-27T05:36:28.656880,KXGDP-26JAN30-T.5,deepseek,deepseek-chat,SKIP,0.93,-0.021,3,0.95,0.050000000000000044,NO,False,
2025-12-27T05:36:29.352398,KXGDP-26JAN30-T.5,gemini,gemini-2.0-flash,NO,0.2,3.0,6,0.95,0.050000000000000044,NO,True,
2025-12-27T05:36:30.989990,KXGDP-26JAN30-T.5,openai,gpt-4o-mini,NO,0.3,-0.4,6,0.95,0.050000000000000044,NO,True,
2025-12-27T05:36:32.103390,KXGDP-26JAN30-T.5,claude,claude-3-haiku-20240307,YES,0.9,-0.0526,8,0.95,0.050000000000000044,NO,False,
2025-12-27T05:36:36.385739,KXGDP-26JAN30-T.5,claude,claude-sonnet-4-5,SKIP,0.92,-0.03,4,0.95,0.050000000000000044,NO,False,
2025-12-27T05:36:36.730047,KXHIGHCHI-25DEC26-B51.5,groq,llama-3.3-70b-versatile,SKIP,0.02,-0.99,8,0.01,0.99,YES,False,
2025-12-27T05:36:39.917849,KXHIGHCHI-25DEC26-B51.5,deepseek,deepseek-chat,YES,0.05,4.0,2,0.01,0.99,YES,True,
2025-12-27T05:36:40.567308,KXHIGHCHI-25DEC26-B51.5,gemini,gemini-2.0-flash,YES,0.03,2.0,6,0.01,0.99,YES,True,
2025-12-27T05:36:41.833706,KXHIGHCHI-25DEC26-B51.5,openai,gpt-4o-mini,NO,0.05,-0.94,8,0.01,0.99,YES,False,
2025-12-27T05:36:42.728321,KXHIGHCHI-25DEC26-B51.5,claude,claude-3-haiku-20240307,NO,0.1,-0.89,8,0.01,0.99,YES,False,
2025-12-27T05:36:46.698164,KXHIGHCHI-25DEC26-B51.5,claude,claude-sonnet-4-5,SKIP,0.01,0.0,1,0.01,0.99,YES,False,
2025-12-27T05:36:47.055934,KXGDP-26JAN30-T1.25,groq,llama-3.3-70b-versatile,YES,0.85,0.0556,8,0.9,0.09999999999999998,YES,True,
2025-12-27T05:36:50.293521,KXGDP-26JAN30-T1.25,deepseek,deepseek-chat,SKIP,0.88,-0.022000000000000002,3,0.9,0.09999999999999998,YES,False,
2025-12-27T05:36:50.912428,KXGDP-26JAN30-T1.25,gemini,gemini-2.0-flash,NO,0.25,1.5,6,0.9,0.09999999999999998,YES,False,
2025-12-27T05:36:52.065098,KXGDP-26JAN30-T1.25,openai,gpt-4o-mini,NO,0.6,-0.4,7,0.9,0.09999999999999998,YES,False,
2025-12-27T05:36:52.829476,KXGDP-26JAN30-T1.25,claude,claude-3-haiku-20240307,YES,0.8,-0.11109999999999999,7,0.9,0.09999999999999998,YES,True,
2025-12-27T05:36:57.189252,KXGDP-26JAN30-T1.25,claude,claude-sonnet-4-5,SKIP,0.88,-0.02,4,0.9,0.09999999999999998,YES,False,
2025-12-27T05:36:57.504031,KXGDP-26JAN30-T1.75,groq,llama-3.3-70b-versatile,YES,0.8,0.0959,8,0.73,0.27,YES,True,
2025-12-27T05:37:00.148749,KXGDP-26JAN30-T1.75,deepseek,deepseek-chat,SKIP,0.7,-0.03,3,0.73,0.27,YES,False,
2025-12-27T05:37:00.866645,KXGDP-26JAN30-T1.75,gemini,gemini-2.0-flash,NO,0.45,0.667,6,0.73,0.27,YES,False,
2025-12-27T05:37:02.279489,KXGDP-26JAN30-T1.75,openai,gpt-4o-mini,YES,0.65,-0.11,7,0.73,0.27,YES,True,
2025-12-27T05:37:03.170217,KXGDP-26JAN30-T1.75,claude,claude-3-haiku-20240307,YES,0.8,0.0959,8,0.73,0.27,YES,True,
2025-12-27T05:37:06.806884,KXGDP-26JAN30-T1.75,claude,claude-sonnet-4-5,SKIP,0.72,-0.01,3,0.73,0.27,YES,False,
2025-12-27T05:37:07.153425,KXHIGHCHI-25DEC26-B53.5,groq,llama-3.3-70b-versatile,SKIP,0.02,-0.99,8,0.01,0.99,YES,False,
2025-12-27T05:37:09.601122,KXHIGHCHI-25DEC26-B53.5,deepseek,deepseek-chat,NO,0.99,0.0,10,0.01,0.99,YES,False,
2025-12-27T05:37:10.323308,KXHIGHCHI-25DEC26-B53.5,gemini,gemini-2.0-flash,YES,0.08,7.0,7,0.01,0.99,YES,True,
2025-12-27T05:37:11.826008,KXHIGHCHI-25DEC26-B53.5,openai,gpt-4o-mini,NO,0.05,-0.94,8,0.01,0.99,YES,False,
2025-12-27T05:37:12.963437,KXHIGHCHI-25DEC26-B53.5,claude,claude-3-haiku-20240307,YES,0.6,59.0,8,0.01,0.99,YES,True,
2025-12-27T05:37:17.120753,KXHIGHCHI-25DEC26-B53.5,claude,claude-sonnet-4-5,SKIP,0.01,0.0,1,0.01,0.99,YES,False,
2025-12-27T05:37:17.407076,KXHIGHCHI-25DEC26-T56,groq,llama-3.3-70b-versatile,SKIP,0.05,-0.94,8,0.01,0.99,YES,False,
2025-12-27T05:37:21.003954,KXHIGHCHI-25DEC26-T56,deepseek,deepseek-chat,YES,0.1,0.09,3,0.01,0.99,YES,True,
2025-12-27T05:37:21.672125,KXHIGHCHI-25DEC26-T56,gemini,gemini-2.0-flash,YES,0.1,9.0,7,0.01,0.99,YES,True,
2025-12-27T05:37:22.621393,KXHIGHCHI-25DEC26-T56,openai,gpt-4o-mini,NO,0.1,-0.89,8,0.01,0.99,YES,False,
2025-12-27T05:37:23.566515,KXHIGHCHI-25DEC26-T56,claude,claude-3-haiku-20240307,NO,0.1,-0.89,8,0.01,0.99,YES,False,
2025-12-27T05:37:27.679917,KXHIGHCHI-25DEC26-T56,claude,claude-sonnet-4-5,SKIP,0.02,-0.01,3,0.01,0.99,YES,False,
2025-12-27T05:37:27.943708,KXCPI-25DEC-T0.0,groq,llama-3.3-70b-versatile,SKIP,0.85,-0.0659,6,0.91,0.08999999999999997,YES,False,
2025-12-27T05:37:31.122252,KXCPI-25DEC-T0.0,deepseek,deepseek-chat,SKIP,0.91,0.0,8,0.91,0.08999999999999997,YES,False,
2025-12-27T05:37:31.879800,KXCPI-25DEC-T0.0,gemini,gemini-2.0-flash,NO,0.2,1.22,6,0.91,0.08999999999999997,YES,False,
2025-12-27T05:37:33.642626,KXCPI-25DEC-T0.0,openai,gpt-4o-mini,YES,0.85,-0.0667,7,0.91,0.08999999999999997,YES,True,
2025-12-27T05:37:34.610265,KXCPI-25DEC-T0.0,claude,claude-3-haiku-20240307,YES,0.95,0.044000000000000004,8,0.91,0.08999999999999997,YES,True,
2025-12-27T05:37:39.423689,KXCPI-25DEC-T0.0,claude,claude-sonnet-4-5,SKIP,0.93,-0.02,4,0.91,0.08999999999999997,YES,False,
2025-12-27T05:37:39.628128,KXHIGHCHI-25DEC27-B45.5,groq,llama-3.3-70b-versatile,SKIP,0.2,-0.1333,6,0.3,0.7,YES,False,
2025-12-27T05:37:42.633191,KXHIGHCHI-25DEC27-B45.5,deepseek,deepseek-chat,SKIP,0.3,0.0,1,0.3,0.7,YES,False,
2025-12-27T05:37:43.368834,KXHIGHCHI-25DEC27-B45.5,gemini,gemini-2.0-flash,NO,0.9,0.222,7,0.3,0.7,YES,False,
2025-12-27T05:37:45.037238,KXHIGHCHI-25DEC27-B45.5,openai,gpt-4o-mini,YES,0.4,0.3333,6,0.3,0.7,YES,True,
2025-12-27T05:37:45.862709,KXHIGHCHI-25DEC27-B45.5,claude,claude-3-haiku-20240307,YES,0.6,1.0,8,0.3,0.7,YES,True,
2025-12-27T05:37:50.110550,KXHIGHCHI-25DEC27-B45.5,claude,claude-sonnet-4-5,SKIP,0.32,0.02,3,0.3,0.7,YES,False,
2025-12-27T05:37:50.420178,KXHIGHCHI-25DEC26-B55.5,groq,llama-3.3-70b-versatile,SKIP,0.01,-0.99,8,0.01,0.99,NO,False,
2025-12-27T05:37:53.588989,KXHIGHCHI-25DEC26-B55.5,deepseek,deepseek-chat,YES,0.1,0.09,3,0.01,0.99,NO,False,
2025-12-27T05:37:54.259490,KXHIGHCHI-25DEC26-B55.5,gemini,gemini-2.0-flash,SKIP,0.015,0.5,3,0.01,0.99,NO,False,
2025-12-27T05:37:55.316941,KXHIGHCHI-25DEC26-B55.5,openai,gpt-4o-mini,NO,0.05,-0.94,9,0.01,0.99,NO,True,
2025-12-27T05:37:56.149390,KXHIGHCHI-25DEC26-B55.5,claude,claude-3-haiku-20240307,NO,0.1,-0.89,8,0.01,0.99,NO,True,
2025-12-27T05:38:00.050325,KXHIGHCHI-25DEC26-B55.5,claude,claude-sonnet-4-5,SKIP,0.01,0.0,1,0.01,0.99,NO,False,
2025-12-27T05:38:00.432334,KXCPICOMBO-25DEC-0231,groq,llama-3.3-70b-versatile,SKIP,0.02,-0.125,6,0.04,0.96,YES,False,
2025-12-27T05:38:03.857603,KXCPICOMBO-25DEC-0231,deepseek,deepseek-chat,SKIP,0.02,-0.02,3,0.04,0.96,YES,False,
2025-12-27T05:38:04.649028,KXCPICOMBO-25DEC-0231,gemini,gemini-2.0-flash,YES,0.1,1.5,6,0.04,0.96,YES,True,
2025-12-27T05:38:06.463022,KXCPICOMBO-25DEC-0231,openai,gpt-4o-mini,NO,0.1,-0.86,7,0.04,0.96,YES,False,
2025-12-27T05:38:07.549455,KXCPICOMBO-25DEC-0231,claude,claude-3-haiku-20240307,YES,0.3,6.5,7,0.04,0.96,YES,True,
2025-12-27T05:38:12.144798,KXCPICOMBO-25DEC-0231,claude,claude-sonnet-4-5,SKIP,0.08,-0.04,3,0.04,0.96,YES,False,
2025-12-27T05:38:12.422167,KXHIGHCHI-25DEC27-B49.5,groq,llama-3.3-70b-versatile,SKIP,0.05,-0.1217,6,0.23,0.77,NO,False,
2025-12-27T05:38:15.188700,KXHIGHCHI-25DEC27-B49.5,deepseek,deepseek-chat,SKIP,0.23,0.0,1,0.23,0.77,NO,False,
2025-12-27T05:38:15.956430,KXHIGHCHI-25DEC27-B49.5,gemini,gemini-2.0-flash,NO,0.9,0.16899999999999998,7,0.23,0.77,NO,True,
2025-12-27T05:38:16.804285,KXHIGHCHI-25DEC27-B49.5,openai,gpt-4o-mini,NO,0.15,-0.8,7,0.23,0.77,NO,True,
2025-12-27T05:38:18.099491,KXHIGHCHI-25DEC27-B49.5,claude,claude-3-haiku-20240307,NO,0.3,-0.6103999999999999,7,0.23,0.77,NO,True,
2025-12-27T05:38:21.963171,KXHIGHCHI-25DEC27-B49.5,claude,claude-sonnet-4-5,SKIP,0.25,-0.02,3,0.23,0.77,NO,False,
2025-12-27T05:38:22.249048,KXJOBLESSCLAIMS-25DEC31-225000,groq,llama-3.3-70b-versatile,YES,0.3,0.3636,6,0.22,0.78,YES,True,
2025-12-27T05:38:25.650845,KXJOBLESSCLAIMS-25DEC31-225000,deepseek,deepseek-chat,SKIP,0.22,0.0,2,0.22,0.78,YES,False,
2025-12-27T05:38:26.386078,KXJOBLESSCLAIMS-25DEC31-225000,gemini,gemini-2.0-flash,NO,0.9,0.154,6,0.22,0.78,YES,False,
2025-12-27T05:38:27.937926,KXJOBLESSCLAIMS-25DEC31-225000,openai,gpt-4o-mini,NO,0.1,-0.8718,8,0.22,0.78,YES,False,
2025-12-27T05:38:28.652417,KXJOBLESSCLAIMS-25DEC31-225000,claude,claude-3-haiku-20240307,YES,0.35,0.59,7,0.22,0.78,YES,True,
2025-12-27T05:38:33.314084,KXJOBLESSCLAIMS-25DEC31-225000,claude,claude-sonnet-4-5,SKIP,0.15,-0.07,3,0.22,0.78,YES,False,
2025-12-27T05:38:33.652251,KXHIGHCHI-25DEC27-T45,groq,llama-3.3-70b-versatile,YES,0.2,0.25,6,0.05,0.95,YES,True,
2025-12-27T05:38:36.489614,KXHIGHCHI-25DEC27-T45,deepseek,deepseek-chat,SKIP,0.05,0.0,1,0.05,0.95,YES,False,
2025-12-27T05:38:37.165314,KXHIGHCHI-25DEC27-T45,gemini,gemini-2.0-flash,YES,0.2,3.0,7,0.05,0.95,YES,True,
2025-12-27T05:38:38.536066,KXHIGHCHI-25DEC27-T45,openai,gpt-4o-mini,YES,0.1,-0.9,4,0.05,0.95,YES,True,
2025-12-27T05:38:39.603948,KXHIGHCHI-25DEC27-T45,claude,claude-3-haiku-20240307,NO,0.2,-0.75,8,0.05,0.95,YES,False,
2025-12-27T05:38:43.988266,KXHIGHCHI-25DEC27-T45,claude,claude-sonnet-4-5,NO,0.02,-0.03,6,0.05,0.95,YES,False,
2025-12-27T05:38:44.196708,KXHIGHCHI-25DEC27-B47.5,groq,llama-3.3-70b-versatile,SKIP,0.2,-0.4118,6,0.34,0.6599999999999999,YES,False,
2025-12-27T05:38:47.172781,KXHIGHCHI-25DEC27-B47.5,deepseek,deepseek-chat,SKIP,0.35,0.0294,2,0.34,0.6599999999999999,YES,False,
2025-12-27T05:38:47.861026,KXHIGHCHI-25DEC27-B47.5,gemini,gemini-2.0-flash,NO,0.8,0.14,7,0.34,0.6599999999999999,YES,False,
2025-12-27T05:38:49.749442,KXHIGHCHI-25DEC27-B47.5,openai,gpt-4o-mini,YES,0.25,-0.26,5,0.34,0.6599999999999999,YES,True,
2025-12-27T05:38:50.703750,KXHIGHCHI-25DEC27-B47.5,claude,claude-3-haiku-20240307,YES,0.55,0.6175999999999999,7,0.34,0.6599999999999999,YES,True,
2025-12-27T05:38:54.694184,KXHIGHCHI-25DEC27-B47.5,claude,claude-sonnet-4-5,SKIP,0.35,0.01,2,0.34,0.6599999999999999,YES,False,
2025-12-27T05:38:54.999808,KXJOBLESSCLAIMS-25DEC31-210000,groq,llama-3.3-70b-versatile,SKIP,0.6,-0.05,6,0.63,0.37,YES,False,
2025-12-27T05:38:58.283731,KXJOBLESSCLAIMS-25DEC31-210000,deepseek,deepseek-chat,SKIP,0.63,0.0,1,0.63,0.37,YES,False,
2025-12-27T05:38:58.950521,KXJOBLESSCLAIMS-25DEC31-210000,gemini,gemini-2.0-flash,SKIP,0.65,0.032,3,0.63,0.37,YES,False,
2025-12-27T05:39:00.176081,KXJOBLESSCLAIMS-25DEC31-210000,openai,gpt-4o-mini,YES,0.55,-0.127,6,0.63,0.37,YES,True,
2025-12-27T05:39:01.012791,KXJOBLESSCLAIMS-25DEC31-210000,claude,claude-3-haiku-20240307,YES,0.7,0.11109999999999999,7,0.63,0.37,YES,True,
2025-12-27T05:39:05.444794,KXJOBLESSCLAIMS-25DEC31-210000,claude,claude-sonnet-4-5,SKIP,0.55,-0.08,2,0.63,0.37,YES,False,
2025-12-27T05:39:05.752462,KXCPI-25DEC-T0.4,groq,llama-3.3-70b-versatile,YES,0.15,6.5,8,0.02,0.98,YES,True,
2025-12-27T05:39:08.962536,KXCPI-25DEC-T0.4,deepseek,deepseek-chat,SKIP,0.02,0.0,2,0.02,0.98,YES,False,
2025-12-27T05:39:09.622242,KXCPI-25DEC-T0.4,gemini,gemini-2.0-flash,YES,0.1,4.0,6,0.02,0.98,YES,True,
2025-12-27T05:39:11.285763,KXCPI-25DEC-T0.4,openai,gpt-4o-mini,NO,0.1,-0.88,8,0.02,0.98,YES,False,
2025-12-27T05:39:12.339322,KXCPI-25DEC-T0.4,claude,claude-3-haiku-20240307,NO,0.2,-0.78,7,0.02,0.98,YES,False,
2025-12-27T05:39:16.241536,KXCPI-25DEC-T0.4,claude,claude-sonnet-4-5,SKIP,0.15,-0.87,3,0.02,0.98,YES,False,
2025-12-27T05:39:16.578666,KXJOBLESSCLAIMS-25DEC31-215000,groq,llama-3.3-70b-versatile,SKIP,0.5,-0.06,4,0.53,0.47,YES,False,
2025-12-27T05:39:19.687216,KXJOBLESSCLAIMS-25DEC31-215000,deepseek,deepseek-chat,SKIP,0.5,-0.03,2,0.53,0.47,YES,False,
2025-12-27T05:39:20.410816,KXJOBLESSCLAIMS-25DEC31-215000,gemini,gemini-2.0-flash,SKIP,0.5,-0.03,3,0.53,0.47,YES,False,
2025-12-27T05:39:21.635555,KXJOBLESSCLAIMS-25DEC31-215000,openai,gpt-4o-mini,YES,0.6,0.1321,7,0.53,0.47,YES,True,
2025-12-27T05:39:22.484067,KXJOBLESSCLAIMS-25DEC31-215000,claude,claude-3-haiku-20240307,YES,0.6,0.1321,7,0.53,0.47,YES,True,
2025-12-27T05:39:26.606231,KXJOBLESSCLAIMS-25DEC31-215000,claude,claude-sonnet-4-5,SKIP,0.5,-0.03,2,0.53,0.47,YES,False,
2025-12-27T05:39:26.986448,KXCPICOMBO-25DEC-0124,groq,llama-3.3-70b-versatile,YES,0.85,0.086,8,0.93,0.06999999999999995,YES,True,
2025-12-27T05:39:29.944059,KXCPICOMBO-25DEC-0124,deepseek,deepseek-chat,SKIP,0.9,-0.0323,3,0.93,0.06999999999999995,YES,False,
2025-12-27T05:39:30.706544,KXCPICOMBO-25DEC-0124,gemini,gemini-2.0-flash,NO,0.2,1.857,7,0.93,0.06999999999999995,YES,False,
2025-12-27T05:39:31.784193,KXCPICOMBO-25DEC-0124,openai,gpt-4o-mini,NO,0.2,-0.7143,6,0.93,0.06999999999999995,YES,False,
2025-12-27T05:39:32.596964,KXCPICOMBO-25DEC-0124,claude,claude-3-haiku-20240307,YES,0.8,-0.1375,7,0.93,0.06999999999999995,YES,True,
2025-12-27T05:39:37.111549,KXCPICOMBO-25DEC-0124,claude,claude-sonnet-4-5,SKIP,0.94,-0.01,3,0.93,0.06999999999999995,YES,False,
2025-12-27T05:39:37.374625,KXCPICOMBO-25DEC-0332,groq,llama-3.3-70b-versatile,YES,0.07,0.75,6,0.04,0.96,YES,True,
2025-12-27T05:39:40.502805,KXCPICOMBO-25DEC-0332,deepseek,deepseek-chat,SKIP,0.02,-0.02,3,0.04,0.96,YES,False,
2025-12-27T05:39:41.218660,KXCPICOMBO-25DEC-0332,gemini,gemini-2.0-flash,YES,0.1,1.5,4,0.04,0.96,YES,True,
2025-12-27T05:39:42.248985,KXCPICOMBO-25DEC-0332,openai,gpt-4o-mini,NO,0.1,-0.8667,7,0.04,0.96,YES,False,
2025-12-27T05:39:43.384288,KXCPICOMBO-25DEC-0332,claude,claude-3-haiku-20240307,YES,0.3,6.5,8,0.04,0.96,YES,True,
2025-12-27T05:39:48.072250,KXCPICOMBO-25DEC-0332,claude,claude-sonnet-4-5,SKIP,0.08,-0.04,3,0.04,0.96,YES,False,
2025-12-27T05:39:48.352658,KXJOBLESSCLAIMS-25DEC31-270000,groq,llama-3.3-70b-versatile,SKIP,0.05,-0.125,6,0.06,0.94,YES,False,
2025-12-27T05:39:51.421086,KXJOBLESSCLAIMS-25DEC31-270000,deepseek,deepseek-chat,SKIP,0.05,-0.0167,2,0.06,0.94,YES,False,
2025-12-27T05:39:52.002170,KXJOBLESSCLAIMS-25DEC31-270000,gemini,gemini-2.0-flash,SKIP,0.06,0.0,3,0.06,0.94,YES,False,
2025-12-27T05:39:53.369570,KXJOBLESSCLAIMS-25DEC31-270000,openai,gpt-4o-mini,NO,0.05,-0.31579999999999997,7,0.06,0.94,YES,False,
2025-12-27T05:39:54.100884,KXJOBLESSCLAIMS-25DEC31-270000,claude,claude-3-haiku-20240307,YES,0.2,2.3333,7,0.06,0.94,YES,True,
2025-12-27T05:39:58.238000,KXJOBLESSCLAIMS-25DEC31-270000,claude,claude-sonnet-4-5,SKIP,0.03,-0.5,3,0.06,0.94,YES,False,
2025-12-27T05:39:58.551153,KXJOBLESSCLAIMS-25DEC31-220000,groq,llama-3.3-70b-versatile,SKIP,0.4,-0.054000000000000006,6,0.37,0.63,YES,False,
2025-12-27T05:40:01.405674,KXJOBLESSCLAIMS-25DEC31-220000,deepseek,deepseek-chat,SKIP,0.37,0.0,1,0.37,0.63,YES,False,
2025-12-27T05:40:02.070187,KXJOBLESSCLAIMS-25DEC31-220000,gemini,gemini-2.0-flash,NO,0.7,0.111,7,0.37,0.63,YES,False,
2025-12-27T05:40:03.287879,KXJOBLESSCLAIMS-25DEC31-220000,openai,gpt-4o-mini,YES,0.45,0.2162,6,0.37,0.63,YES,True,
2025-12-27T05:40:04.023537,KXJOBLESSCLAIMS-25DEC31-220000,claude,claude-3-haiku-20240307,YES,0.45,0.2162,7,0.37,0.63,YES,True,
2025-12-27T05:40:08.029821,KXJOBLESSCLAIMS-25DEC31-220000,claude,claude-sonnet-4-5,SKIP,0.45,-0.08,2,0.37,0.63,YES,False,
2025-12-27T05:40:08.392990,KXHIGHCHI-25DEC27-B51.5,groq,llama-3.3-70b-versatile,SKIP,0.01,-0.8,8,0.02,0.98,NO,False,
2025-12-27T05:40:12.024888,KXHIGHCHI-25DEC27-B51.5,deepseek,deepseek-chat,NO,0.95,-0.030600000000000002,7,0.02,0.98,NO,True,
2025-12-27T05:40:12.767264,KXHIGHCHI-25DEC27-B51.5,gemini,gemini-2.0-flash,YES,0.05,1.5,6,0.02,0.98,NO,False,
2025-12-27T05:40:14.033312,KXHIGHCHI-25DEC27-B51.5,openai,gpt-4o-mini,NO,0.1,-0.88,8,0.02,0.98,NO,True,
2025-12-27T05:40:15.159572,KXHIGHCHI-25DEC27-B51.5,claude,claude-3-haiku-20240307,NO,0.1,-0.88,8,0.02,0.98,NO,True,
2025-12-27T05:40:19.938156,KXHIGHCHI-25DEC27-B51.5,claude,claude-sonnet-4-5,SKIP,0.03,0.5,3,0.02,0.98,NO,False,
2025-12-27T05:40:20.205284,KXJOBLESSCLAIMS-25DEC31-200000,groq,llama-3.3-70b-versatile,YES,0.8,0.0361,6,0.83,0.17000000000000004,YES,True,
2025-12-27T05:40:23.327955,KXJOBLESSCLAIMS-25DEC31-200000,deepseek,deepseek-chat,SKIP,0.83,0.0,1,0.83,0.17000000000000004,YES,False,
2025-12-27T05:40:24.060206,KXJOBLESSCLAIMS-25DEC31-200000,gemini,gemini-2.0-flash,NO,0.35,1.0588,6,0.83,0.17000000000000004,YES,False,
2025-12-27T05:40:25.380243,KXJOBLESSCLAIMS-25DEC31-200000,openai,gpt-4o-mini,YES,0.75,-0.1,7,0.83,0.17000000000000004,YES,True,
2025-12-27T05:40:26.029168,KXJOBLESSCLAIMS-25DEC31-200000,claude,claude-3-haiku-20240307,YES,0.8,-0.0375,7,0.83,0.17000000000000004,YES,True,
2025-12-27T05:40:29.815287,KXJOBLESSCLAIMS-25DEC31-200000,claude,claude-sonnet-4-5,SKIP,0.75,-0.08,3,0.83,0.17000000000000004,YES,False,
2025-12-27T05:40:30.147003,KXJOBLESSCLAIMS-25DEC31-250000,groq,llama-3.3-70b-versatile,SKIP,0.05,-0.75,6,0.02,0.98,NO,False,
2025-12-27T05:40:33.298643,KXJOBLESSCLAIMS-25DEC31-250000,deepseek,deepseek-chat,SKIP,0.02,0.0,1,0.02,0.98,NO,False,
2025-12-27T05:40:34.054659,KXJOBLESSCLAIMS-25DEC31-250000,gemini,gemini-2.0-flash,NO,0.99,0.01,8,0.02,0.98,NO,True,
2025-12-27T05:40:35.131985,KXJOBLESSCLAIMS-25DEC31-250000,openai,gpt-4o-mini,NO,0.01,-0.97,9,0.02,0.98,NO,True,
2025-12-27T05:40:36.091957,KXJOBLESSCLAIMS-25DEC31-250000,claude,claude-3-haiku-20240307,YES,0.15,6.5,7,0.02,0.98,NO,False,
2025-12-27T05:40:40.831511,KXJOBLESSCLAIMS-25DEC31-250000,claude,claude-sonnet-4-5,SKIP,0.03,0.01,2,0.02,0.98,NO,False,
2025-12-27T05:40:41.129518,KXCPI-25DEC-T-0.1,groq,llama-3.3-70b-versatile,YES,0.95,0.0206,8,0.97,0.030000000000000027,YES,True,
2025-12-27T05:40:44.415215,KXCPI-25DEC-T-0.1,deepseek,deepseek-chat,SKIP,0.98,0.01,3,0.97,0.030000000000000027,YES,False,
2025-12-27T05:40:45.186095,KXCPI-25DEC-T-0.1,gemini,gemini-2.0-flash,NO,0.1,2.33,6,0.97,0.030000000000000027,YES,False,
2025-12-27T05:40:46.375889,KXCPI-25DEC-T-0.1,openai,gpt-4o-mini,NO,0.1,-0.9,8,0.97,0.030000000000000027,YES,False,
2025-12-27T05:40:48.414348,KXCPI-25DEC-T-0.1,claude,claude-3-haiku-20240307,YES,0.95,-0.02,7,0.97,0.030000000000000027,YES,True,
2025-12-27T05:40:52.957513,KXCPI-25DEC-T-0.1,claude,claude-sonnet-4-5,SKIP,0.98,-0.01,3,0.97,0.030000000000000027,YES,False,
2025-12-27T05:40:53.274766,KXHIGHCHI-25DEC27-T52,groq,llama-3.3-70b-versatile,SKIP,0.01,-0.98,8,0.02,0.98,YES,False,
2025-12-27T05:40:56.868100,KXHIGHCHI-25DEC27-T52,deepseek,deepseek-chat,SKIP,0.02,0.0,1,0.02,0.98,YES,False,
2025-12-27T05:40:57.783628,KXHIGHCHI-25DEC27-T52,gemini,gemini-2.0-flash,SKIP,0.05,1.5,3,0.02,0.98,YES,False,
2025-12-27T05:40:59.453345,KXHIGHCHI-25DEC27-T52,openai,gpt-4o-mini,YES,0.4,0.9,7,0.02,0.98,YES,True,
2025-12-27T05:41:00.382604,KXHIGHCHI-25DEC27-T52,claude,claude-3-haiku-20240307,YES,0.3,0.28,7,0.02,0.98,YES,True,
2025-12-27T05:41:05.279072,KXHIGHCHI-25DEC27-T52,claude,claude-sonnet-4-5,NO,0.01,-0.01,8,0.02,0.98,YES,False,
2025-12-27T05:41:05.662176,KXJOBLESSCLAIMS-25DEC31-260000,groq,llama-3.3-70b-versatile,SKIP,0.05,-0.94,8,0.01,0.99,NO,False,
2025-12-27T05:41:08.735528,KXJOBLESSCLAIMS-25DEC31-260000,deepseek,deepseek-chat,SKIP,0.01,0.0,1,0.01,0.99,NO,False,
2025-12-27T05:41:09.441086,KXJOBLESSCLAIMS-25DEC31-260000,gemini,gemini-2.0-flash,NO,0.999,0.009000000000000001,9,0.01,0.99,NO,True,
2025-12-27T05:41:10.727003,KXJOBLESSCLAIMS-25DEC31-260000,openai,gpt-4o-mini,NO,0.05,-0.94,8,0.01,0.99,NO,True,
2025-12-27T05:41:11.662405,KXJOBLESSCLAIMS-25DEC31-260000,claude,claude-3-haiku-20240307,NO,0.1,-0.89,8,0.01,0.99,NO,True,
2025-12-27T05:41:16.311299,KXJOBLESSCLAIMS-25DEC31-260000,claude,claude-sonnet-4-5,SKIP,0.02,0.01,2,0.01,0.99,NO,False,
2025-12-27T05:41:16.634430,KXJOBLESSCLAIMS-25DEC31-240000,groq,llama-3.3-70b-versatile,SKIP,0.03,-0.4,6,0.05,0.95,NO,False,
2025-12-27T05:41:19.909110,KXJOBLESSCLAIMS-25DEC31-240000,deepseek,deepseek-chat,SKIP,0.05,0.0,1,0.05,0.95,NO,False,
2025-12-27T05:41:20.573230,KXJOBLESSCLAIMS-25DEC31-240000,gemini,gemini-2.0-flash,NO,0.99,0.04,8,0.05,0.95,NO,True,
2025-12-27T05:41:21.771775,KXJOBLESSCLAIMS-25DEC31-240000,openai,gpt-4o-mini,NO,0.1,-0.85,8,0.05,0.95,NO,True,
2025-12-27T05:41:22.540206,KXJOBLESSCLAIMS-25DEC31-240000,claude,claude-3-haiku-20240307,YES,0.2,3.0,7,0.05,0.95,NO,False,
2025-12-27T05:41:26.717480,KXJOBLESSCLAIMS-25DEC31-240000,claude,claude-sonnet-4-5,SKIP,0.02,-0.6,3,0.05,0.95,NO,False,
2025-12-27T05:41:26.994602,KXJOBLESSCLAIMS-25DEC31-230000,groq,llama-3.3-70b-versatile,SKIP,0.12,-0.1765,6,0.14,0.86,NO,False,
2025-12-27T05:41:29.795950,KXJOBLESSCLAIMS-25DEC31-230000,deepseek,deepseek-chat,SKIP,0.14,0.0,1,0.14,0.86,NO,False,
2025-12-27T05:41:30.569676,KXJOBLESSCLAIMS-25DEC31-230000,gemini,gemini-2.0-flash,NO,0.95,0.09300000000000001,7,0.14,0.86,NO,True,
2025-12-27T05:41:31.911779,KXJOBLESSCLAIMS-25DEC31-230000,openai,gpt-4o-mini,NO,0.1,-0.7646999999999999,6,0.14,0.86,NO,True,
2025-12-27T05:41:32.635586,KXJOBLESSCLAIMS-25DEC31-230000,claude,claude-3-haiku-20240307,YES,0.25,0.79,7,0.14,0.86,NO,False,
2025-12-27T05:41:37.105116,KXJOBLESSCLAIMS-25DEC31-230000,claude,claude-sonnet-4-5,SKIP,0.02,-0.12,3,0.14,0.86,NO,False,
2025-12-27T05:43:16.187136,KXHIGHCHI-25DEC26-T49,groq,llama-3.3-70b-versatile,SKIP,0.05,-0.94,8,0.01,0.99,YES,False,
2025-12-27T05:43:19.738768,KXHIGHCHI-25DEC26-T49,deepseek,deepseek-chat,SKIP,0.0,-1.0,10,0.01,0.99,YES,False,
2025-12-27T05:43:20.494759,KXHIGHCHI-25DEC26-T49,gemini,gemini-2.0-flash,YES,0.1,9.0,7,0.01,0.99,YES,True,
2025-12-27T05:43:22.232083,KXHIGHCHI-25DEC26-T49,openai,gpt-4o-mini,YES,0.1,9.0,7,0.01,0.99,YES,True,
2025-12-27T05:43:23.238635,KXHIGHCHI-25DEC26-T49,claude,claude-3-haiku-20240307,NO,0.1,-0.89,8,0.01,0.99,YES,False,
2025-12-27T05:43:27.913223,KXHIGHCHI-25DEC26-T49,claude,claude-sonnet-4-5,SKIP,0.02,-0.01,3,0.01,0.99,YES,False,
2025-12-27T05:43:28.275259,KXGDP-26JAN30-T1.0,groq,llama-3.3-70b-versatile,SKIP,0.9,-0.044000000000000004,6,0.94,0.06000000000000005,NO,False,
2025-12-27T05:43:31.195732,KXGDP-26JAN30-T1.0,deepseek,deepseek-chat,SKIP,0.9,-0.043,3,0.94,0.06000000000000005,NO,False,
2025-12-27T05:43:31.844492,KXGDP-26JAN30-T1.0,gemini,gemini-2.0-flash,NO,0.2,2.3333,6,0.94,0.06000000000000005,NO,True,
2025-12-27T05:43:33.025745,KXGDP-26JAN30-T1.0,openai,gpt-4o-mini,NO,0.3,-0.6,7,0.94,0.06000000000000005,NO,True,
2025-12-27T05:43:33.892578,KXGDP-26JAN30-T1.0,claude,claude-3-haiku-20240307,YES,0.85,-0.0947,7,0.94,0.06000000000000005,NO,False,
2025-12-27T05:43:37.960711,KXGDP-26JAN30-T1.0,claude,claude-sonnet-4-5,SKIP,0.92,-0.02,4,0.94,0.06000000000000005,NO,False,
2025-12-27T05:43:38.277535,KXGDP-26JAN30-T2.0,groq,llama-3.3-70b-versatile,SKIP,0.65,-0.057999999999999996,6,0.69,0.31000000000000005,YES,False,
2025-12-27T05:43:41.456966,KXGDP-26JAN30-T2.0,deepseek,deepseek-chat,SKIP,0.65,-0.057999999999999996,3,0.69,0.31000000000000005,YES,False,
2025-12-27T05:43:42.127796,KXGDP-26JAN30-T2.0,gemini,gemini-2.0-flash,SKIP,0.65,-0.062,5,0.69,0.31000000000000005,YES,False,
2025-12-27T05:43:43.497977,KXGDP-26JAN30-T2.0,openai,gpt-4o-mini,YES,0.75,0.087,7,0.69,0.31000000000000005,YES,True,
2025-12-27T05:43:44.505800,KXGDP-26JAN30-T2.0,claude,claude-3-haiku-20240307,YES,0.75,0.087,8,0.69,0.31000000000000005,YES,True,
2025-12-27T05:43:48.632424,KXGDP-26JAN30-T2.0,claude,claude-sonnet-4-5,NO,0.45,-0.24,6,0.69,0.31000000000000005,YES,False,
2025-12-27T05:43:48.967137,KXCPICOMBO-25DEC-0129,groq,llama-3.3-70b-versatile,YES,0.2,1.0,6,0.1,0.9,YES,True,
2025-12-27T05:43:52.056706,KXCPICOMBO-25DEC-0129,deepseek,deepseek-chat,SKIP,0.1,0.0,2,0.1,0.9,YES,False,
2025-12-27T05:43:52.690632,KXCPICOMBO-25DEC-0129,gemini,gemini-2.0-flash,YES,0.2,1.0,5,0.1,0.9,YES,True,
2025-12-27T05:43:53.835773,KXCPICOMBO-25DEC-0129,openai,gpt-4o-mini,NO,0.15,-0.75,7,0.1,0.9,YES,False,
2025-12-27T05:43:54.718254,KXCPICOMBO-25DEC-0129,claude,claude-3-haiku-20240307,YES,0.6,0.5,7,0.1,0.9,YES,True,
2025-12-27T05:43:58.384002,KXCPICOMBO-25DEC-0129,claude,claude-sonnet-4-5,SKIP,0.15,-0.05,3,0.1,0.9,YES,False,
2025-12-27T05:43:58.816192,KXGDP-26JAN30-T3.0,groq,llama-3.3-70b-versatile,SKIP,0.4,-0.0625,6,0.32,0.6799999999999999,YES,False,
2025-12-27T05:44:01.592561,KXGDP-26JAN30-T3.0,deepseek,deepseek-chat,SKIP,0.35,0.03,3,0.32,0.6799999999999999,YES,False,
2025-12-27T05:44:02.287796,KXGDP-26JAN30-T3.0,gemini,gemini-2.0-flash,YES,0.45,0.406,5,0.32,0.6799999999999999,YES,True,
2025-12-27T05:44:03.153599,KXGDP-26JAN30-T3.0,openai,gpt-4o-mini,YES,0.45,0.40630000000000005,6,0.32,0.6799999999999999,YES,True,
2025-12-27T05:44:08.277712,KXGDP-26JAN30-T3.0,claude,claude-3-haiku-20240307,YES,0.45,0.40630000000000005,7,0.32,0.6799999999999999,YES,True,
2025-12-27T05:44:12.396294,KXGDP-26JAN30-T3.0,claude,claude-sonnet-4-5,NO,0.15,0.53,7,0.32,0.6799999999999999,YES,False,
2025-12-27T05:44:12.694028,KXCPI-25DEC-T0.2,groq,llama-3.3-70b-versatile,SKIP,0.4,-0.07,6,0.43,0.5700000000000001,YES,False,
2025-12-27T05:44:16.874527,KXCPI-25DEC-T0.2,deepseek,deepseek-chat,SKIP,0.43,0.0,2,0.43,0.5700000000000001,YES,False,
2025-12-27T05:44:17.641730,KXCPI-25DEC-T0.2,gemini,gemini-2.0-flash,YES,0.6,0.4,6,0.43,0.5700000000000001,YES,True,
2025-12-27T05:44:18.861837,KXCPI-25DEC-T0.2,openai,gpt-4o-mini,YES,0.55,0.2791,7,0.43,0.5700000000000001,YES,True,
2025-12-27T05:44:20.357994,KXCPI-25DEC-T0.2,claude,claude-3-haiku-20240307,YES,0.55,0.2791,7,0.43,0.5700000000000001,YES,True,
2025-12-27T05:44:24.702552,KXCPI-25DEC-T0.2,claude,claude-sonnet-4-5,SKIP,0.45,-0.02,3,0.43,0.5700000000000001,YES,False,
2025-12-27T05:44:25.057144,KXCPICOMBO-25DEC-027,groq,llama-3.3-70b-versatile,YES,0.42,0.4,8,0.3,0.7,YES,True,
2025-12-27T05:44:27.799764,KXCPICOMBO-25DEC-027,deepseek,deepseek-chat,SKIP,0.35,0.05,3,0.3,0.7,YES,False,
2025-12-27T05:44:28.514955,KXCPICOMBO-25DEC-027,gemini,gemini-2.0-flash,NO,0.6,-0.14300000000000002,6,0.3,0.7,YES,False,
2025-12-27T05:44:29.636313,KXCPICOMBO-25DEC-027,openai,gpt-4o-mini,YES,0.45,0.5,6,0.3,0.7,YES,True,
2025-12-27T05:44:30.662776,KXCPICOMBO-25DEC-027,claude,claude-3-haiku-20240307,YES,0.6,1.0,8,0.3,0.7,YES,True,
2025-12-27T05:44:34.960723,KXCPICOMBO-25DEC-027,claude,claude-sonnet-4-5,SKIP,0.35,-0.05,3,0.3,0.7,YES,False,
2025-12-27T05:44:35.297040,KXGDP-26JAN30-T1.5,groq,llama-3.3-70b-versatile,YES,0.9,0.0795,8,0.83,0.17000000000000004,YES,True,
2025-12-27T05:44:38.272624,KXGDP-26JAN30-T1.5,deepseek,deepseek-chat,SKIP,0.8,-0.036000000000000004,3,0.83,0.17000000000000004,YES,False,
2025-12-27T05:44:38.938638,KXGDP-26JAN30-T1.5,gemini,gemini-2.0-flash,NO,0.35,1.0590000000000002,6,0.83,0.17000000000000004,YES,False,
2025-12-27T05:44:39.897455,KXGDP-26JAN30-T1.5,openai,gpt-4o-mini,YES,0.7,-0.1566,7,0.83,0.17000000000000004,YES,True,
2025-12-27T05:44:40.692179,KXGDP-26JAN30-T1.5,claude,claude-3-haiku-20240307,YES,0.75,-0.0933,7,0.83,0.17000000000000004,YES,True,
2025-12-27T05:44:44.573489,KXGDP-26JAN30-T1.5,claude,claude-sonnet-4-5,SKIP,0.82,-0.01,3,0.83,0.17000000000000004,YES,False,
2025-12-27T05:44:44.872256,KXGDP-26JAN30-T-0.5,groq,llama-3.3-70b-versatile,YES,0.98,0.0316,8,0.95,0.050000000000000044,YES,True,
2025-12-27T05:44:47.581267,KXGDP-26JAN30-T-0.5,deepseek,deepseek-chat,SKIP,0.95,0.0,1,0.95,0.050000000000000044,YES,False,
2025-12-27T05:44:48.153460,KXGDP-26JAN30-T-0.5,gemini,gemini-2.0-flash,NO,0.15,2.0,6,0.95,0.050000000000000044,YES,False,
2025-12-27T05:44:49.238738,KXGDP-26JAN30-T-0.5,openai,gpt-4o-mini,YES,0.85,-0.10529999999999999,7,0.95,0.050000000000000044,YES,True,
2025-12-27T05:44:49.925982,KXGDP-26JAN30-T-0.5,claude,claude-3-haiku-20240307,YES,0.9,-0.0526,8,0.95,0.050000000000000044,YES,True,
2025-12-27T05:44:54.246299,KXGDP-26JAN30-T-0.5,claude,claude-sonnet-4-5,SKIP,0.96,-0.01,3,0.95,0.050000000000000044,YES,False,
2025-12-27T05:44:54.653077,KXCPI-25DEC-T0.3,groq,llama-3.3-70b-versatile,YES,0.15,0.6667000000000001,6,0.09,0.91,YES,True,
2025-12-27T05:44:57.568359,KXCPI-25DEC-T0.3,deepseek,deepseek-chat,SKIP,0.09,0.0,2,0.09,0.91,YES,False,
2025-12-27T05:44:58.156089,KXCPI-25DEC-T0.3,gemini,gemini-2.0-flash,SKIP,0.1,0.01,3,0.09,0.91,YES,False,
2025-12-27T05:44:59.717672,KXCPI-25DEC-T0.3,openai,gpt-4o-mini,NO,0.1,-0.8109999999999999,8,0.09,0.91,YES,False,
2025-12-27T05:45:00.665118,KXCPI-25DEC-T0.3,claude,claude-3-haiku-20240307,YES,0.3,2.3333,7,0.09,0.91,YES,True,
2025-12-27T05:45:05.387546,KXCPI-25DEC-T0.3,claude,claude-sonnet-4-5,SKIP,0.15,-0.06,3,0.09,0.91,YES,False,
2025-12-27T05:45:05.700665,KXGDP-26JAN30-T0,groq,llama-3.3-70b-versatile,YES,0.95,0.0206,8,0.97,0.030000000000000027,YES,True,
2025-12-27T05:45:08.816290,KXGDP-26JAN30-T0,deepseek,deepseek-chat,SKIP,0.95,-0.0206,3,0.97,0.030000000000000027,YES,False,
2025-12-27T05:45:09.344929,KXGDP-26JAN30-T0,gemini,gemini-2.0-flash,NO,0.15,4.0,6,0.97,0.030000000000000027,YES,False,
2025-12-27T05:45:12.632221,KXGDP-26JAN30-T0,openai,gpt-4o-mini,YES,0.85,-0.12369999999999999,7,0.97,0.030000000000000027,YES,True,
2025-12-27T05:45:13.466837,KXGDP-26JAN30-T0,claude,claude-3-haiku-20240307,YES,0.9,-0.07,7,0.97,0.030000000000000027,YES,True,
2025-12-27T05:45:17.686685,KXGDP-26JAN30-T0,claude,claude-sonnet-4-5,SKIP,0.96,-0.01,4,0.97,0.030000000000000027,YES,False,
2025-12-27T05:45:17.954038,KXCPI-25DEC-T0.1,groq,llama-3.3-70b-versatile,SKIP,0.8,-0.08,6,0.74,0.26,YES,False,
2025-12-27T05:45:20.994261,KXCPI-25DEC-T0.1,deepseek,deepseek-chat,SKIP,0.74,0.0,2,0.74,0.26,YES,False,
2025-12-27T05:45:21.792637,KXCPI-25DEC-T0.1,gemini,gemini-2.0-flash,NO,0.4,0.5379999999999999,6,0.74,0.26,YES,False,
2025-12-27T05:45:22.781494,KXCPI-25DEC-T0.1,openai,gpt-4o-mini,YES,0.65,-0.1216,6,0.74,0.26,YES,True,
2025-12-27T05:45:24.267456,KXCPI-25DEC-T0.1,claude,claude-3-haiku-20240307,YES,0.8,0.08109999999999999,8,0.74,0.26,YES,True,
2025-12-27T05:45:29.017674,KXCPI-25DEC-T0.1,claude,claude-sonnet-4-5,SKIP,0.72,-0.027000000000000003,3,0.74,0.26,YES,False,
2025-12-27T05:45:29.366601,KXGDP-26JAN30-T2.5,groq,llama-3.3-70b-versatile,YES,0.52,0.10640000000000001,6,0.47,0.53,YES,True,
2025-12-27T05:45:32.289463,KXGDP-26JAN30-T2.5,deepseek,deepseek-chat,SKIP,0.48,0.01,3,0.47,0.53,YES,False,
2025-12-27T05:45:32.949138,KXGDP-26JAN30-T2.5,gemini,gemini-2.0-flash,YES,0.6,0.27699999999999997,6,0.47,0.53,YES,True,
2025-12-27T05:45:33.943970,KXGDP-26JAN30-T2.5,openai,gpt-4o-mini,YES,0.55,0.1702,7,0.47,0.53,YES,True,
2025-12-27T05:45:34.817395,KXGDP-26JAN30-T2.5,claude,claude-3-haiku-20240307,YES,0.6,0.2766,8,0.47,0.53,YES,True,
2025-12-27T05:45:38.832291,KXGDP-26JAN30-T2.5,claude,claude-sonnet-4-5,SKIP,0.48,-0.01,3,0.47,0.53,YES,False,
2025-12-27T05:45:39.167613,KXHIGHCHI-25DEC26-B49.5,groq,llama-3.3-70b-versatile,SKIP,0.02,-0.98,8,0.99,0.010000000000000009,NO,False,
2025-12-27T05:45:42.300738,KXHIGHCHI-25DEC26-B49.5,deepseek,deepseek-chat,SKIP,0.99,0.0,10,0.99,0.010000000000000009,NO,False,
2025-12-27T05:45:43.019498,KXHIGHCHI-25DEC26-B49.5,gemini,gemini-2.0-flash,NO,0.05,4.0,7,0.99,0.010000000000000009,NO,True,
2025-12-27T05:45:44.239943,KXHIGHCHI-25DEC26-B49.5,openai,gpt-4o-mini,NO,0.3,-0.69,7,0.99,0.010000000000000009,NO,True,
2025-12-27T05:45:45.173251,KXHIGHCHI-25DEC26-B49.5,claude,claude-3-haiku-20240307,YES,0.99,0.0,10,0.99,0.010000000000000009,NO,False,
2025-12-27T05:45:49.237690,KXHIGHCHI-25DEC26-B49.5,claude,claude-sonnet-4-5,SKIP,0.99,0.0,1,0.99,0.010000000000000009,NO,False,
2025-12-27T05:45:49.568236,KXGDP-26JAN30-T3.5,groq,llama-3.3-70b-versatile,YES,0.35,0.1818,6,0.22,0.78,YES,True,
2025-12-27T05:45:52.559472,KXGDP-26JAN30-T3.5,deepseek,deepseek-chat,SKIP,0.2,-0.02,3,0.22,0.78,YES,False,
2025-12-27T05:45:53.251853,KXGDP-26JAN30-T3.5,gemini,gemini-2.0-flash,YES,0.4,0.818,5,0.22,0.78,YES,True,
2025-12-27T05:45:54.240091,KXGDP-26JAN30-T3.5,openai,gpt-4o-mini,NO,0.2,-0.07690000000000001,7,0.22,0.78,YES,False,
2025-12-27T05:45:55.148953,KXGDP-26JAN30-T3.5,claude,claude-3-haiku-20240307,YES,0.35,0.5909,7,0.22,0.78,YES,True,
2025-12-27T05:45:58.892404,KXGDP-26JAN30-T3.5,claude,claude-sonnet-4-5,SKIP,0.18,-0.04,3,0.22,0.78,YES,False,
2025-12-27T05:45:59.232170,KXGDP-26JAN30-T.5,groq,llama-3.3-70b-versatile,SKIP,0.92,-0.0421,6,0.95,0.050000000000000044,NO,False,
2025-12-27T05:46:01.886598,KXGDP-26JAN30-T.5,deepseek,deepseek-chat,SKIP,0.93,-0.021,3,0.95,0.050000000000000044,NO,False,
2025-12-27T05:46:02.607462,KXGDP-26JAN30-T.5,gemini,gemini-2.0-flash,NO,0.2,3.0,6,0.95,0.050000000000000044,NO,True,
2025-12-27T05:46:03.963860,KXGDP-26JAN30-T.5,openai,gpt-4o-mini,NO,0.2,-0.8,6,0.95,0.050000000000000044,NO,True,
2025-12-27T05:46:07.341055,KXGDP-26JAN30-T.5,claude,claude-3-haiku-20240307,YES,0.9,-0.0526,8,0.95,0.050000000000000044,NO,False,
2025-12-27T05:46:11.385456,KXGDP-26JAN30-T.5,claude,claude-sonnet-4-5,SKIP,0.92,-0.03,4,0.95,0.050000000000000044,NO,False,
2025-12-27T05:46:11.689162,KXHIGHCHI-25DEC26-B51.5,groq,llama-3.3-70b-versatile,SKIP,0.02,-0.99,8,0.01,0.99,YES,False,
2025-12-27T05:46:14.785348,KXHIGHCHI-25DEC26-B51.5,deepseek,deepseek-chat,YES,0.05,4.0,3,0.01,0.99,YES,True,
2025-12-27T05:46:15.469546,KXHIGHCHI-25DEC26-B51.5,gemini,gemini-2.0-flash,YES,0.05,4.0,6,0.01,0.99,YES,True,
2025-12-27T05:46:16.613441,KXHIGHCHI-25DEC26-B51.5,openai,gpt-4o-mini,NO,0.1,-0.89,8,0.01,0.99,YES,False,
2025-12-27T05:46:17.927851,KXHIGHCHI-25DEC26-B51.5,claude,claude-3-haiku-20240307,NO,0.1,-0.89,8,0.01,0.99,YES,False,
2025-12-27T05:46:21.822001,KXHIGHCHI-25DEC26-B51.5,claude,claude-sonnet-4-5,SKIP,0.01,0.0,1,0.01,0.99,YES,False,
2025-12-27T05:46:22.154432,KXGDP-26JAN30-T1.25,groq,llama-3.3-70b-versatile,YES,0.85,0.0556,8,0.9,0.09999999999999998,YES,True,
2025-12-27T05:46:25.048791,KXGDP-26JAN30-T1.25,deepseek,deepseek-chat,SKIP,0.88,-0.022000000000000002,3,0.9,0.09999999999999998,YES,False,
2025-12-27T05:46:25.736577,KXGDP-26JAN30-T1.25,gemini,gemini-2.0-flash,NO,0.25,1.5,6,0.9,0.09999999999999998,YES,False,
2025-12-27T05:46:27.134583,KXGDP-26JAN30-T1.25,openai,gpt-4o-mini,NO,0.3,-0.2,7,0.9,0.09999999999999998,YES,False,
2025-12-27T05:46:27.853784,KXGDP-26JAN30-T1.25,claude,claude-3-haiku-20240307,YES,0.8,-0.11109999999999999,7,0.9,0.09999999999999998,YES,True,
2025-12-27T05:46:32.028317,KXGDP-26JAN30-T1.25,claude,claude-sonnet-4-5,SKIP,0.88,-0.02,4,0.9,0.09999999999999998,YES,False,
2025-12-27T05:46:32.357010,KXGDP-26JAN30-T1.75,groq,llama-3.3-70b-versatile,YES,0.8,0.0959,8,0.73,0.27,YES,True,
2025-12-27T05:46:35.409502,KXGDP-26JAN30-T1.75,deepseek,deepseek-chat,SKIP,0.73,0.0,2,0.73,0.27,YES,False,
2025-12-27T05:46:36.104993,KXGDP-26JAN30-T1.75,gemini,gemini-2.0-flash,NO,0.45,0.667,6,0.73,0.27,YES,False,
2025-12-27T05:46:37.730891,KXGDP-26JAN30-T1.75,openai,gpt-4o-mini,YES,0.65,-0.1096,7,0.73,0.27,YES,True,
2025-12-27T05:46:38.583852,KXGDP-26JAN30-T1.75,claude,claude-3-haiku-20240307,YES,0.8,0.0959,8,0.73,0.27,YES,True,
2025-12-27T05:46:42.879134,KXGDP-26JAN30-T1.75,claude,claude-sonnet-4-5,SKIP,0.72,-0.01,3,0.73,0.27,YES,False,
2025-12-27T05:46:43.155088,KXHIGHCHI-25DEC26-B53.5,groq,llama-3.3-70b-versatile,SKIP,0.02,-0.99,8,0.01,0.99,NO,False,
2025-12-27T05:46:46.605034,KXHIGHCHI-25DEC26-B53.5,deepseek,deepseek-chat,SKIP,0.0,-1.0,10,0.01,0.99,NO,False,
2025-12-27T05:46:47.336496,KXHIGHCHI-25DEC26-B53.5,gemini,gemini-2.0-flash,YES,0.05,4.0,6,0.01,0.99,NO,False,
2025-12-27T05:46:48.670152,KXHIGHCHI-25DEC26-B53.5,openai,gpt-4o-mini,NO,0.05,-0.94,8,0.01,0.99,NO,True,
2025-12-27T05:46:49.703238,KXHIGHCHI-25DEC26-B53.5,claude,claude-3-haiku-20240307,NO,0.1,-0.89,8,0.01,0.99,NO,True,
2025-12-27T05:46:53.984879,KXHIGHCHI-25DEC26-B53.5,claude,claude-sonnet-4-5,SKIP,0.01,0.0,1,0.01,0.99,NO,False,
2025-12-27T05:46:54.263194,KXHIGHCHI-25DEC26-T56,groq,llama-3.3-70b-versatile,SKIP,0.05,-0.94,8,0.01,0.99,YES,False,
2025-12-27T05:46:57.534028,KXHIGHCHI-25DEC26-T56,deepseek,deepseek-chat,YES,0.05,4.0,8,0.01,0.99,YES,True,
2025-12-27T05:46:58.138309,KXHIGHCHI-25DEC26-T56,gemini,gemini-2.0-flash,YES,0.1,9.0,7,0.01,0.99,YES,True,
2025-12-27T05:46:59.536392,KXHIGHCHI-25DEC26-T56,openai,gpt-4o-mini,NO,0.1,-0.89,8,0.01,0.99,YES,False,
2025-12-27T05:47:00.333066,KXHIGHCHI-25DEC26-T56,claude,claude-3-haiku-20240307,NO,0.1,-0.89,8,0.01,0.99,YES,False,
2025-12-27T05:47:04.423353,KXHIGHCHI-25DEC26-T56,claude,claude-sonnet-4-5,SKIP,0.02,-0.01,3,0.01,0.99,YES,False,
2025-12-27T05:47:04.712499,KXHIGHCHI-25DEC27-B45.5,groq,llama-3.3-70b-versatile,SKIP,0.2,-0.0608,6,0.37,0.63,YES,False,
2025-12-27T05:47:07.358404,KXHIGHCHI-25DEC27-B45.5,deepseek,deepseek-chat,SKIP,0.37,0.0,1,0.37,0.63,YES,False,
2025-12-27T05:47:08.091265,KXHIGHCHI-25DEC27-B45.5,gemini,gemini-2.0-flash,SKIP,0.35,-0.054000000000000006,6,0.37,0.63,YES,False,
2025-12-27T05:47:09.456220,KXHIGHCHI-25DEC27-B45.5,openai,gpt-4o-mini,YES,0.45,-0.0013,5,0.37,0.63,YES,True,
2025-12-27T05:47:10.341766,KXHIGHCHI-25DEC27-B45.5,claude,claude-3-haiku-20240307,YES,0.55,0.4865,8,0.37,0.63,YES,True,
2025-12-27T05:47:15.380594,KXHIGHCHI-25DEC27-B45.5,claude,claude-sonnet-4-5,SKIP,0.4,-0.08,3,0.37,0.63,YES,False,
2025-12-27T05:47:15.763087,KXCPI-25DEC-T0.0,groq,llama-3.3-70b-versatile,YES,0.85,0.066,8,0.91,0.08999999999999997,YES,True,
2025-12-27T05:47:18.607666,KXCPI-25DEC-T0.0,deepseek,deepseek-chat,SKIP,0.91,0.0,8,0.91,0.08999999999999997,YES,False,
2025-12-27T05:47:19.265953,KXCPI-25DEC-T0.0,gemini,gemini-2.0-flash,NO,0.2,1.22,6,0.91,0.08999999999999997,YES,False,
2025-12-27T05:47:20.565440,KXCPI-25DEC-T0.0,openai,gpt-4o-mini,NO,0.3,-0.6667000000000001,6,0.91,0.08999999999999997,YES,False,
2025-12-27T05:47:21.398568,KXCPI-25DEC-T0.0,claude,claude-3-haiku-20240307,YES,0.95,0.044000000000000004,8,0.91,0.08999999999999997,YES,True,
2025-12-27T05:47:25.828719,KXCPI-25DEC-T0.0,claude,claude-sonnet-4-5,SKIP,0.93,-0.02,4,0.91,0.08999999999999997,YES,False,
2025-12-27T05:47:26.198081,KXHIGHCHI-25DEC26-B55.5,groq,llama-3.3-70b-versatile,SKIP,0.02,-0.99,8,0.01,0.99,NO,False,
2025-12-27T05:47:29.192075,KXHIGHCHI-25DEC26-B55.5,deepseek,deepseek-chat,SKIP,0.0,-0.01,10,0.01,0.99,NO,False,
2025-12-27T05:47:29.947623,KXHIGHCHI-25DEC26-B55.5,gemini,gemini-2.0-flash,SKIP,0.015,0.5,3,0.01,0.99,NO,False,
2025-12-27T05:47:31.378479,KXHIGHCHI-25DEC26-B55.5,openai,gpt-4o-mini,NO,0.05,-0.94,9,0.01,0.99,NO,True,
2025-12-27T05:47:32.205055,KXHIGHCHI-25DEC26-B55.5,claude,claude-3-haiku-20240307,NO,0.1,-0.89,8,0.01,0.99,NO,True,
2025-12-27T05:47:36.044037,KXHIGHCHI-25DEC26-B55.5,claude,claude-sonnet-4-5,SKIP,0.01,0.0,1,0.01,0.99,NO,False,
2025-12-27T05:47:36.324662,KXCPICOMBO-25DEC-0231,groq,llama-3.3-70b-versatile,YES,0.07,0.75,6,0.04,0.96,YES,True,
2025-12-27T05:47:39.316282,KXCPICOMBO-25DEC-0231,deepseek,deepseek-chat,SKIP,0.02,-0.02,3,0.04,0.96,YES,False,
2025-12-27T05:47:39.963318,KXCPICOMBO-25DEC-0231,gemini,gemini-2.0-flash,YES,0.1,1.5,6,0.04,0.96,YES,True,
2025-12-27T05:47:41.018095,KXCPICOMBO-25DEC-0231,openai,gpt-4o-mini,NO,0.1,-0.86,7,0.04,0.96,YES,False,
2025-12-27T05:47:42.133810,KXCPICOMBO-25DEC-0231,claude,claude-3-haiku-20240307,YES,0.2,4.0,7,0.04,0.96,YES,True,
2025-12-27T05:47:46.372582,KXCPICOMBO-25DEC-0231,claude,claude-sonnet-4-5,SKIP,0.08,-0.04,3,0.04,0.96,YES,False,
2025-12-27T05:47:46.599225,KXHIGHCHI-25DEC27-B49.5,groq,llama-3.3-70b-versatile,SKIP,0.05,-0.6,6,0.24,0.76,YES,False,
2025-12-27T05:47:49.444635,KXHIGHCHI-25DEC27-B49.5,deepseek,deepseek-chat,SKIP,0.25,0.0417,2,0.24,0.76,YES,False,
2025-12-27T05:47:50.113260,KXHIGHCHI-25DEC27-B49.5,gemini,gemini-2.0-flash,NO,0.9,0.184,8,0.24,0.76,YES,False,
2025-12-27T05:47:51.455075,KXHIGHCHI-25DEC27-B49.5,openai,gpt-4o-mini,YES,0.3,0.25,6,0.24,0.76,YES,True,
2025-12-27T05:47:52.224159,KXHIGHCHI-25DEC27-B49.5,claude,claude-3-haiku-20240307,YES,0.35,0.4571,7,0.24,0.76,YES,True,
2025-12-27T05:47:56.187644,KXHIGHCHI-25DEC27-B49.5,claude,claude-sonnet-4-5,SKIP,0.28,0.04,3,0.24,0.76,YES,False,
2025-12-27T05:47:56.557596,KXJOBLESSCLAIMS-25DEC31-225000,groq,llama-3.3-70b-versatile,SKIP,0.25,-0.125,6,0.22,0.78,NO,False,
2025-12-27T05:47:59.428005,KXJOBLESSCLAIMS-25DEC31-225000,deepseek,deepseek-chat,SKIP,0.22,0.0,2,0.22,0.78,NO,False,
2025-12-27T05:48:00.120410,KXJOBLESSCLAIMS-25DEC31-225000,gemini,gemini-2.0-flash,NO,0.85,0.08199999999999999,7,0.22,0.78,NO,True,
2025-12-27T05:48:01.422498,KXJOBLESSCLAIMS-25DEC31-225000,openai,gpt-4o-mini,NO,0.1,-0.08,7,0.22,0.78,NO,True,
2025-12-27T05:48:02.187211,KXJOBLESSCLAIMS-25DEC31-225000,claude,claude-3-haiku-20240307,YES,0.3,0.3636,7,0.22,0.78,NO,False,
2025-12-27T05:48:07.033056,KXJOBLESSCLAIMS-25DEC31-225000,claude,claude-sonnet-4-5,SKIP,0.15,-0.07,3,0.22,0.78,NO,False,
2025-12-27T05:48:07.362238,KXHIGHCHI-25DEC27-T45,groq,llama-3.3-70b-versatile,YES,0.25,0.2143,6,0.07,0.9299999999999999,YES,True,
2025-12-27T05:48:10.468557,KXHIGHCHI-25DEC27-T45,deepseek,deepseek-chat,SKIP,0.1,0.03,2,0.07,0.9299999999999999,YES,False,
2025-12-27T05:48:11.059330,KXHIGHCHI-25DEC27-T45,gemini,gemini-2.0-flash,YES,0.2,1.86,7,0.07,0.9299999999999999,YES,True,
2025-12-27T05:48:12.456372,KXHIGHCHI-25DEC27-T45,openai,gpt-4o-mini,YES,0.1,-0.7667,4,0.07,0.9299999999999999,YES,True,
2025-12-27T05:48:13.405822,KXHIGHCHI-25DEC27-T45,claude,claude-3-haiku-20240307,NO,0.15,-0.8378,8,0.07,0.9299999999999999,YES,False,
2025-12-27T05:48:19.736090,KXHIGHCHI-25DEC27-T45,claude,claude-sonnet-4-5,NO,0.02,-0.71,8,0.07,0.9299999999999999,YES,False,
2025-12-27T05:48:20.038558,KXHIGHCHI-25DEC27-B47.5,groq,llama-3.3-70b-versatile,SKIP,0.2,-0.06,6,0.34,0.6599999999999999,YES,False,
2025-12-27T05:48:23.056618,KXHIGHCHI-25DEC27-B47.5,deepseek,deepseek-chat,SKIP,0.35,0.0294,2,0.34,0.6599999999999999,YES,False,
2025-12-27T05:48:23.774023,KXHIGHCHI-25DEC27-B47.5,gemini,gemini-2.0-flash,NO,0.9,0.267,7,0.34,0.6599999999999999,YES,False,
2025-12-27T05:48:25.849332,KXHIGHCHI-25DEC27-B47.5,openai,gpt-4o-mini,YES,0.25,-0.26,5,0.34,0.6599999999999999,YES,True,
2025-12-27T05:48:26.942295,KXHIGHCHI-25DEC27-B47.5,claude,claude-3-haiku-20240307,YES,0.55,0.6175999999999999,7,0.34,0.6599999999999999,YES,True,
2025-12-27T05:48:31.072626,KXHIGHCHI-25DEC27-B47.5,claude,claude-sonnet-4-5,SKIP,0.35,0.01,2,0.34,0.6599999999999999,YES,False,
2025-12-27T05:48:31.595785,KXJOBLESSCLAIMS-25DEC31-210000,groq,llama-3.3-70b-versatile,SKIP,0.6,-0.05,6,0.63,0.37,YES,False,
2025-12-27T05:48:34.593801,KXJOBLESSCLAIMS-25DEC31-210000,deepseek,deepseek-chat,SKIP,0.63,0.0,1,0.63,0.37,YES,False,
2025-12-27T05:48:35.323890,KXJOBLESSCLAIMS-25DEC31-210000,gemini,gemini-2.0-flash,NO,0.5,0.35100000000000003,6,0.63,0.37,YES,False,
2025-12-27T05:48:36.225275,KXJOBLESSCLAIMS-25DEC31-210000,openai,gpt-4o-mini,YES,0.7,0.11109999999999999,7,0.63,0.37,YES,True,
2025-12-27T05:48:37.069627,KXJOBLESSCLAIMS-25DEC31-210000,claude,claude-3-haiku-20240307,YES,0.7,0.11,7,0.63,0.37,YES,True,
2025-12-27T05:48:41.599698,KXJOBLESSCLAIMS-25DEC31-210000,claude,claude-sonnet-4-5,SKIP,0.55,-0.08,2,0.63,0.37,YES,False,
2025-12-27T05:48:41.896047,KXCPI-25DEC-T0.4,groq,llama-3.3-70b-versatile,YES,0.15,6.5,8,0.02,0.98,YES,True,
2025-12-27T05:48:45.088525,KXCPI-25DEC-T0.4,deepseek,deepseek-chat,SKIP,0.02,0.0,2,0.02,0.98,YES,False,
2025-12-27T05:48:45.635000,KXCPI-25DEC-T0.4,gemini,gemini-2.0-flash,YES,0.1,4.0,6,0.02,0.98,YES,True,
2025-12-27T05:48:47.044590,KXCPI-25DEC-T0.4,openai,gpt-4o-mini,NO,0.1,-0.88,8,0.02,0.98,YES,False,
2025-12-27T05:48:47.962278,KXCPI-25DEC-T0.4,claude,claude-3-haiku-20240307,NO,0.2,-0.78,8,0.02,0.98,YES,False,
2025-12-27T05:48:52.270367,KXCPI-25DEC-T0.4,claude,claude-sonnet-4-5,SKIP,0.15,-0.87,3,0.02,0.98,YES,False,
2025-12-27T05:48:52.537363,KXJOBLESSCLAIMS-25DEC31-215000,groq,llama-3.3-70b-versatile,YES,0.58,0.0741,6,0.54,0.45999999999999996,YES,True,
2025-12-27T05:48:55.896846,KXJOBLESSCLAIMS-25DEC31-215000,deepseek,deepseek-chat,SKIP,0.5,-0.04,2,0.54,0.45999999999999996,YES,False,
2025-12-27T05:48:56.585716,KXJOBLESSCLAIMS-25DEC31-215000,gemini,gemini-2.0-flash,SKIP,0.52,-0.037000000000000005,4,0.54,0.45999999999999996,YES,False,
2025-12-27T05:48:57.887242,KXJOBLESSCLAIMS-25DEC31-215000,openai,gpt-4o-mini,YES,0.6,0.1,7,0.54,0.45999999999999996,YES,True,
2025-12-27T05:48:58.715652,KXJOBLESSCLAIMS-25DEC31-215000,claude,claude-3-haiku-20240307,YES,0.6,0.11109999999999999,7,0.54,0.45999999999999996,YES,True,
2025-12-27T05:49:02.752921,KXJOBLESSCLAIMS-25DEC31-215000,claude,claude-sonnet-4-5,SKIP,0.5,-0.07400000000000001,2,0.54,0.45999999999999996,YES,False,
2025-12-27T05:49:03.082035,KXCPICOMBO-25DEC-0124,groq,llama-3.3-70b-versatile,SKIP,0.85,-0.0882,6,0.93,0.06999999999999995,NO,False,
2025-12-27T05:49:06.173597,KXCPICOMBO-25DEC-0124,deepseek,deepseek-chat,SKIP,0.9,-0.0323,3,0.93,0.06999999999999995,NO,False,
2025-12-27T05:49:06.879406,KXCPICOMBO-25DEC-0124,gemini,gemini-2.0-flash,NO,0.2,1.857,7,0.93,0.06999999999999995,NO,True,
2025-12-27T05:49:08.149439,KXCPICOMBO-25DEC-0124,openai,gpt-4o-mini,NO,0.2,-0.7143,7,0.93,0.06999999999999995,NO,True,
2025-12-27T05:49:08.898612,KXCPICOMBO-25DEC-0124,claude,claude-3-haiku-20240307,YES,0.85,-0.0824,7,0.93,0.06999999999999995,NO,False,
2025-12-27T05:49:13.292018,KXCPICOMBO-25DEC-0124,claude,claude-sonnet-4-5,SKIP,0.92,-0.01,4,0.93,0.06999999999999995,NO,False,
2025-12-27T05:49:13.646233,KXCPICOMBO-25DEC-0332,groq,llama-3.3-70b-versatile,SKIP,0.02,-0.125,6,0.04,0.96,YES,False,
2025-12-27T05:49:16.755652,KXCPICOMBO-25DEC-0332,deepseek,deepseek-chat,SKIP,0.02,-0.02,3,0.04,0.96,YES,False,
2025-12-27T05:49:17.528803,KXCPICOMBO-25DEC-0332,gemini,gemini-2.0-flash,YES,0.1,1.5,4,0.04,0.96,YES,True,
2025-12-27T05:49:19.234064,KXCPICOMBO-25DEC-0332,openai,gpt-4o-mini,NO,0.1,-0.8667,7,0.04,0.96,YES,False,
2025-12-27T05:49:19.968078,KXCPICOMBO-25DEC-0332,claude,claude-3-haiku-20240307,YES,0.3,6.5,7,0.04,0.96,YES,True,
2025-12-27T05:49:24.480786,KXCPICOMBO-25DEC-0332,claude,claude-sonnet-4-5,SKIP,0.08,-0.04,3,0.04,0.96,YES,False,
2025-12-27T05:49:24.753233,KXJOBLESSCLAIMS-25DEC31-270000,groq,llama-3.3-70b-versatile,YES,0.12,1.0,8,0.06,0.94,YES,True,
2025-12-27T05:49:27.361061,KXJOBLESSCLAIMS-25DEC31-270000,deepseek,deepseek-chat,SKIP,0.05,-0.01,2,0.06,0.94,YES,False,
2025-12-27T05:49:27.953127,KXJOBLESSCLAIMS-25DEC31-270000,gemini,gemini-2.0-flash,SKIP,0.06,0.0,5,0.06,0.94,YES,False,
2025-12-27T05:49:28.909290,KXJOBLESSCLAIMS-25DEC31-270000,openai,gpt-4o-mini,NO,0.05,-0.0095,8,0.06,0.94,YES,False,
2025-12-27T05:49:30.008387,KXJOBLESSCLAIMS-25DEC31-270000,claude,claude-3-haiku-20240307,YES,0.2,2.3333,7,0.06,0.94,YES,True,
2025-12-27T05:49:34.369823,KXJOBLESSCLAIMS-25DEC31-270000,claude,claude-sonnet-4-5,SKIP,0.03,-0.5,3,0.06,0.94,YES,False,
2025-12-27T05:49:34.797320,KXJOBLESSCLAIMS-25DEC31-220000,groq,llama-3.3-70b-versatile,SKIP,0.4,-0.04,6,0.38,0.62,YES,False,
2025-12-27T05:49:37.627478,KXJOBLESSCLAIMS-25DEC31-220000,deepseek,deepseek-chat,SKIP,0.38,0.0,1,0.38,0.62,YES,False,
2025-12-27T05:49:38.294129,KXJOBLESSCLAIMS-25DEC31-220000,gemini,gemini-2.0-flash,NO,0.7,0.129,6,0.38,0.62,YES,False,
2025-12-27T05:49:39.509694,KXJOBLESSCLAIMS-25DEC31-220000,openai,gpt-4o-mini,YES,0.45,0.18420000000000003,6,0.38,0.62,YES,True,
2025-12-27T05:49:40.351121,KXJOBLESSCLAIMS-25DEC31-220000,claude,claude-3-haiku-20240307,YES,0.45,0.18420000000000003,7,0.38,0.62,YES,True,
2025-12-27T05:49:44.049616,KXJOBLESSCLAIMS-25DEC31-220000,claude,claude-sonnet-4-5,SKIP,0.45,0.07,2,0.38,0.62,YES,False,
2025-12-27T05:49:44.508399,KXHIGHCHI-25DEC27-B51.5,groq,llama-3.3-70b-versatile,SKIP,0.01,-0.8,8,0.02,0.98,NO,False,
2025-12-27T05:49:47.475219,KXHIGHCHI-25DEC27-B51.5,deepseek,deepseek-chat,SKIP,0.02,0.0,1,0.02,0.98,NO,False,
2025-12-27T05:49:48.191026,KXHIGHCHI-25DEC27-B51.5,gemini,gemini-2.0-flash,YES,0.05,1.5,6,0.02,0.98,NO,False,
2025-12-27T05:49:49.399421,KXHIGHCHI-25DEC27-B51.5,openai,gpt-4o-mini,NO,0.1,-0.88,8,0.02,0.98,NO,True,
2025-12-27T05:49:50.400836,KXHIGHCHI-25DEC27-B51.5,claude,claude-3-haiku-20240307,NO,0.1,-0.88,8,0.02,0.98,NO,True,
2025-12-27T05:49:55.480927,KXHIGHCHI-25DEC27-B51.5,claude,claude-sonnet-4-5,SKIP,0.03,0.5,3,0.02,0.98,NO,False,
2025-12-27T05:49:55.801800,KXJOBLESSCLAIMS-25DEC31-200000,groq,llama-3.3-70b-versatile,SKIP,0.8,-0.0235,6,0.83,0.17000000000000004,YES,False,
2025-12-27T05:49:58.724894,KXJOBLESSCLAIMS-25DEC31-200000,deepseek,deepseek-chat,SKIP,0.83,0.0,1,0.83,0.17000000000000004,YES,False,
2025-12-27T05:49:59.492291,KXJOBLESSCLAIMS-25DEC31-200000,gemini,gemini-2.0-flash,NO,0.3,0.765,6,0.83,0.17000000000000004,YES,False,
2025-12-27T05:50:01.916928,KXJOBLESSCLAIMS-25DEC31-200000,openai,gpt-4o-mini,YES,0.75,-0.1,7,0.83,0.17000000000000004,YES,True,
2025-12-27T05:50:08.914667,KXJOBLESSCLAIMS-25DEC31-200000,claude,claude-3-haiku-20240307,YES,0.8,-0.0375,7,0.83,0.17000000000000004,YES,True,
2025-12-27T05:50:12.746494,KXJOBLESSCLAIMS-25DEC31-200000,claude,claude-sonnet-4-5,SKIP,0.75,-0.08,3,0.83,0.17000000000000004,YES,False,
2025-12-27T05:50:13.152576,KXJOBLESSCLAIMS-25DEC31-250000,groq,llama-3.3-70b-versatile,SKIP,0.05,-0.75,6,0.02,0.98,YES,False,
2025-12-27T05:50:16.173508,KXJOBLESSCLAIMS-25DEC31-250000,deepseek,deepseek-chat,SKIP,0.02,0.0,1,0.02,0.98,YES,False,
2025-12-27T05:50:16.817822,KXJOBLESSCLAIMS-25DEC31-250000,gemini,gemini-2.0-flash,YES,0.05,1.5,6,0.02,0.98,YES,True,
2025-12-27T05:50:17.716047,KXJOBLESSCLAIMS-25DEC31-250000,openai,gpt-4o-mini,NO,0.05,-0.93,8,0.02,0.98,YES,False,
2025-12-27T05:50:18.642813,KXJOBLESSCLAIMS-25DEC31-250000,claude,claude-3-haiku-20240307,YES,0.15,6.5,7,0.02,0.98,YES,True,
2025-12-27T05:50:23.423365,KXJOBLESSCLAIMS-25DEC31-250000,claude,claude-sonnet-4-5,SKIP,0.02,0.0,3,0.02,0.98,YES,False,
2025-12-27T05:50:23.704229,KXHIGHCHI-25DEC27-T52,groq,llama-3.3-70b-versatile,SKIP,0.01,-0.98,8,0.02,0.98,YES,False,
2025-12-27T05:50:26.619045,KXHIGHCHI-25DEC27-T52,deepseek,deepseek-chat,SKIP,0.02,0.0,1,0.02,0.98,YES,False,
2025-12-27T05:50:27.443389,KXHIGHCHI-25DEC27-T52,gemini,gemini-2.0-flash,SKIP,0.05,1.5,3,0.02,0.98,YES,False,
2025-12-27T05:50:28.693412,KXHIGHCHI-25DEC27-T52,openai,gpt-4o-mini,YES,0.3,1.4,7,0.02,0.98,YES,True,
2025-12-27T05:50:29.557885,KXHIGHCHI-25DEC27-T52,claude,claude-3-haiku-20240307,YES,0.3,0.28,7,0.02,0.98,YES,True,
2025-12-27T05:50:33.783767,KXHIGHCHI-25DEC27-T52,claude,claude-sonnet-4-5,NO,0.01,-0.01,8,0.02,0.98,YES,False,
2025-12-27T05:50:34.112828,KXCPI-25DEC-T-0.1,groq,llama-3.3-70b-versatile,YES,0.95,0.0206,8,0.97,0.030000000000000027,YES,True,
2025-12-27T05:50:37.352832,KXCPI-25DEC-T-0.1,deepseek,deepseek-chat,SKIP,0.98,0.0103,3,0.97,0.030000000000000027,YES,False,
2025-12-27T05:50:38.107343,KXCPI-25DEC-T-0.1,gemini,gemini-2.0-flash,NO,0.15,4.0,6,0.97,0.030000000000000027,YES,False,
2025-12-27T05:50:39.075521,KXCPI-25DEC-T-0.1,openai,gpt-4o-mini,NO,0.1,-0.68,7,0.97,0.030000000000000027,YES,False,
2025-12-27T05:50:39.947181,KXCPI-25DEC-T-0.1,claude,claude-3-haiku-20240307,YES,0.95,-0.02,8,0.97,0.030000000000000027,YES,True,
2025-12-27T05:50:44.046506,KXCPI-25DEC-T-0.1,claude,claude-sonnet-4-5,SKIP,0.99,-0.02,3,0.97,0.030000000000000027,YES,False,
2025-12-27T05:50:44.430093,KXJOBLESSCLAIMS-25DEC31-260000,groq,llama-3.3-70b-versatile,SKIP,0.01,-0.99,8,0.01,0.99,NO,False,
2025-12-27T05:50:47.653043,KXJOBLESSCLAIMS-25DEC31-260000,deepseek,deepseek-chat,SKIP,0.01,0.0,1,0.01,0.99,NO,False,
2025-12-27T05:50:48.422241,KXJOBLESSCLAIMS-25DEC31-260000,gemini,gemini-2.0-flash,NO,0.999,0.009000000000000001,9,0.01,0.99,NO,True,
2025-12-27T05:50:49.418047,KXJOBLESSCLAIMS-25DEC31-260000,openai,gpt-4o-mini,NO,0.01,-0.98,8,0.01,0.99,NO,True,
2025-12-27T05:50:50.380887,KXJOBLESSCLAIMS-25DEC31-260000,claude,claude-3-haiku-20240307,NO,0.1,-0.89,8,0.01,0.99,NO,True,
2025-12-27T05:50:54.730175,KXJOBLESSCLAIMS-25DEC31-260000,claude,claude-sonnet-4-5,SKIP,0.02,0.01,3,0.01,0.99,NO,False,
2025-12-27T05:50:55.032504,KXJOBLESSCLAIMS-25DEC31-240000,groq,llama-3.3-70b-versatile,SKIP,0.03,-0.4,6,0.05,0.95,NO,False,
2025-12-27T05:50:57.855939,KXJOBLESSCLAIMS-25DEC31-240000,deepseek,deepseek-chat,SKIP,0.05,0.0,1,0.05,0.95,NO,False,
2025-12-27T05:50:58.512032,KXJOBLESSCLAIMS-25DEC31-240000,gemini,gemini-2.0-flash,NO,0.99,0.04,9,0.05,0.95,NO,True,
2025-12-27T05:50:59.620475,KXJOBLESSCLAIMS-25DEC31-240000,openai,gpt-4o-mini,NO,0.1,-0.85,8,0.05,0.95,NO,True,
2025-12-27T05:51:00.511789,KXJOBLESSCLAIMS-25DEC31-240000,claude,claude-3-haiku-20240307,YES,0.2,3.0,7,0.05,0.95,NO,False,
2025-12-27T05:51:05.290341,KXJOBLESSCLAIMS-25DEC31-240000,claude,claude-sonnet-4-5,SKIP,0.02,-0.03,3,0.05,0.95,NO,False,
2025-12-27T05:51:05.580351,KXJOBLESSCLAIMS-25DEC31-230000,groq,llama-3.3-70b-versatile,SKIP,0.12,-0.15380000000000002,6,0.14,0.86,NO,False,
2025-12-27T05:51:08.300967,KXJOBLESSCLAIMS-25DEC31-230000,deepseek,deepseek-chat,SKIP,0.14,0.0,1,0.14,0.86,NO,False,
2025-12-27T05:51:09.024996,KXJOBLESSCLAIMS-25DEC31-230000,gemini,gemini-2.0-flash,NO,0.95,0.09300000000000001,7,0.14,0.86,NO,True,
2025-12-27T05:51:10.591216,KXJOBLESSCLAIMS-25DEC31-230000,openai,gpt-4o-mini,NO,0.1,-0.7646999999999999,7,0.14,0.86,NO,True,
2025-12-27T05:51:11.337891,KXJOBLESSCLAIMS-25DEC31-230000,claude,claude-3-haiku-20240307,YES,0.25,0.79,7,0.14,0.86,NO,False,
2025-12-27T05:51:15.748799,KXJOBLESSCLAIMS-25DEC31-230000,claude,claude-sonnet-4-5,SKIP,0.08,-0.06,3,0.14,0.86,NO,False,
2025-12-27T05:51:16.056313,KXINX-26JAN02H1600-T7274.9999,groq,llama-3.3-70b-versatile,SKIP,0.05,-1.0,8,0.0,1.0,YES,False,
2025-12-27T05:51:19.483621,KXINX-26JAN02H1600-T7274.9999,deepseek,deepseek-chat,SKIP,0.0,0.0,10,0.0,1.0,YES,False,
2025-12-27T05:51:20.057513,KXINX-26JAN02H1600-T7274.9999,gemini,gemini-2.0-flash,SKIP,0.0,0.0,1,0.0,1.0,YES,False,
2025-12-27T05:51:21.324446,KXINX-26JAN02H1600-T7274.9999,openai,gpt-4o-mini,NO,0.0,-1.0,10,0.0,1.0,YES,False,
2025-12-27T05:51:22.079078,KXINX-26JAN02H1600-T7274.9999,claude,claude-3-haiku-20240307,YES,0.3,0.3,7,0.0,1.0,YES,True,
2025-12-27T05:51:25.810563,KXINX-26JAN02H1600-T7274.9999,claude,claude-sonnet-4-5,SKIP,0.0,0.0,9,0.0,1.0,YES,False,
2025-12-27T05:51:26.056917,KXINX-26JAN02H1600-T6575,groq,llama-3.3-70b-versatile,SKIP,0.05,-1.0,8,0.0,1.0,NO,False,
2025-12-27T05:51:29.285461,KXINX-26JAN02H1600-T6575,deepseek,deepseek-chat,SKIP,0.0,0.0,10,0.0,1.0,NO,False,
2025-12-27T05:51:30.058365,KXINX-26JAN02H1600-T6575,gemini,gemini-2.0-flash,YES,0.01,1.0,8,0.0,1.0,NO,False,
2025-12-27T05:51:31.461364,KXINX-26JAN02H1600-T6575,openai,gpt-4o-mini,NO,0.0,-1.0,10,0.0,1.0,NO,True,
2025-12-27T05:51:32.248249,KXINX-26JAN02H1600-T6575,claude,claude-3-haiku-20240307,NO,0.1,-0.9,8,0.0,1.0,NO,True,
2025-12-27T05:51:37.113106,KXINX-26JAN02H1600-T6575,claude,claude-sonnet-4-5,SKIP,0.02,-0.98,3,0.0,1.0,NO,False,
2025-12-27T05:51:37.373140,KXINX-26JAN02H1600-B7262,groq,llama-3.3-70b-versatile,SKIP,0.02,-1.0,8,0.0,1.0,NO,False,
2025-12-27T05:51:40.552958,KXINX-26JAN02H1600-B7262,deepseek,deepseek-chat,SKIP,0.0,0.0,10,0.0,1.0,NO,False,
2025-12-27T05:51:41.240218,KXINX-26JAN02H1600-B7262,gemini,gemini-2.0-flash,SKIP,0.0,0.0,10,0.0,1.0,NO,False,
2025-12-27T05:51:43.139271,KXINX-26JAN02H1600-B7262,openai,gpt-4o-mini,NO,0.01,-0.99,9,0.0,1.0,NO,True,
2025-12-27T05:51:44.484199,KXINX-26JAN02H1600-B7262,claude,claude-3-haiku-20240307,NO,0.2,-0.8,8,0.0,1.0,NO,True,
2025-12-27T05:51:48.660148,KXINX-26JAN02H1600-B7262,claude,claude-sonnet-4-5,SKIP,0.02,-0.98,3,0.0,1.0,NO,False,
2025-12-27T05:51:48.995970,KXINX-26JAN02H1600-B7237,groq,llama-3.3-70b-versatile,SKIP,0.02,-1.0,8,0.0,1.0,NO,False,
2025-12-27T05:51:52.112453,KXINX-26JAN02H1600-B7237,deepseek,deepseek-chat,SKIP,0.0,0.0,10,0.0,1.0,NO,False,
2025-12-27T05:51:52.772110,KXINX-26JAN02H1600-B7237,gemini,gemini-2.0-flash,SKIP,0.0,0.0,10,0.0,1.0,NO,False,
2025-12-27T05:51:53.853895,KXINX-26JAN02H1600-B7237,openai,gpt-4o-mini,NO,0.0,-1.0,10,0.0,1.0,NO,True,
2025-12-27T05:51:54.677642,KXINX-26JAN02H1600-B7237,claude,claude-3-haiku-20240307,NO,0.2,-0.8,8,0.0,1.0,NO,True,
2025-12-27T05:51:58.553298,KXINX-26JAN02H1600-B7237,claude,claude-sonnet-4-5,SKIP,0.02,-0.98,3,0.0,1.0,NO,False,
2025-12-27T05:51:58.855042,KXINX-26JAN02H1600-B7212,groq,llama-3.3-70b-versatile,SKIP,0.02,-1.0,8,0.0,1.0,NO,False,
2025-12-27T05:52:02.112460,KXINX-26JAN02H1600-B7212,deepseek,deepseek-chat,SKIP,0.0,0.0,10,0.0,1.0,NO,False,
2025-12-27T05:52:02.799115,KXINX-26JAN02H1600-B7212,gemini,gemini-2.0-flash,SKIP,0.0,0.0,10,0.0,1.0,NO,False,
2025-12-27T05:52:03.998235,KXINX-26JAN02H1600-B7212,openai,gpt-4o-mini,NO,0.01,1.0,9,0.0,1.0,NO,True,
2025-12-27T05:52:13.544453,KXINX-26JAN02H1600-B7212,claude,claude-3-haiku-20240307,NO,0.2,-0.8,8,0.0,1.0,NO,True,
2025-12-27T05:52:17.772143,KXINX-26JAN02H1600-B7212,claude,claude-sonnet-4-5,SKIP,0.02,-0.98,3,0.0,1.0,NO,False,
2025-12-27T05:52:18.094076,KXINX-26JAN02H1600-B7187,groq,llama-3.3-70b-versatile,SKIP,0.02,-1.0,8,0.0,1.0,NO,False,
2025-12-27T05:52:21.906413,KXINX-26JAN02H1600-B7187,deepseek,deepseek-chat,SKIP,0.0,0.0,10,0.0,1.0,NO,False,
2025-12-27T05:52:22.760509,KXINX-26JAN02H1600-B7187,gemini,gemini-2.0-flash,SKIP,0.0,0.0,10,0.0,1.0,NO,False,
2025-12-27T05:52:23.520727,KXINX-26JAN02H1600-B7187,openai,gpt-4o-mini,NO,0.01,1.0,9,0.0,1.0,NO,True,
2025-12-27T05:52:24.328725,KXINX-26JAN02H1600-B7187,claude,claude-3-haiku-20240307,NO,0.2,-0.8,8,0.0,1.0,NO,True,
2025-12-27T05:52:28.691505,KXINX-26JAN02H1600-B7187,claude,claude-sonnet-4-5,SKIP,0.02,-0.98,3,0.0,1.0,NO,False,
2025-12-27T05:52:28.956517,KXINX-26JAN02H1600-B7162,groq,llama-3.3-70b-versatile,SKIP,0.02,-1.0,8,0.0,1.0,NO,False,
2025-12-27T05:52:32.632935,KXINX-26JAN02H1600-B7162,deepseek,deepseek-chat,SKIP,0.0,0.0,10,0.0,1.0,NO,False,
2025-12-27T05:52:33.355595,KXINX-26JAN02H1600-B7162,gemini,gemini-2.0-flash,SKIP,0.0,0.0,10,0.0,1.0,NO,False,
2025-12-27T05:52:34.408250,KXINX-26JAN02H1600-B7162,openai,gpt-4o-mini,NO,0.0,-1.0,10,0.0,1.0,NO,True,
2025-12-27T05:52:35.180748,KXINX-26JAN02H1600-B7162,claude,claude-3-haiku-20240307,NO,0.2,-0.8,7,0.0,1.0,NO,True,
2025-12-27T05:52:39.253261,KXINX-26JAN02H1600-B7162,claude,claude-sonnet-4-5,SKIP,0.02,-0.98,3,0.0,1.0,NO,False,
2025-12-27T05:52:39.515533,KXINX-26JAN02H1600-B7137,groq,llama-3.3-70b-versatile,SKIP,0.02,-1.0,8,0.0,1.0,NO,False,
2025-12-27T05:52:42.554553,KXINX-26JAN02H1600-B7137,deepseek,deepseek-chat,SKIP,0.0,0.0,10,0.0,1.0,NO,False,
2025-12-27T05:52:43.332375,KXINX-26JAN02H1600-B7137,gemini,gemini-2.0-flash,SKIP,0.0,0.0,10,0.0,1.0,NO,False,
2025-12-27T05:52:44.326263,KXINX-26JAN02H1600-B7137,openai,gpt-4o-mini,NO,0.01,-0.99,9,0.0,1.0,NO,True,
2025-12-27T05:52:45.095286,KXINX-26JAN02H1600-B7137,claude,claude-3-haiku-20240307,NO,0.2,-0.8,8,0.0,1.0,NO,True,
2025-12-27T05:52:49.285777,KXINX-26JAN02H1600-B7137,claude,claude-sonnet-4-5,SKIP,0.02,-0.98,3,0.0,1.0,NO,False,
2025-12-27T05:52:49.596507,KXINX-26JAN02H1600-B7112,groq,llama-3.3-70b-versatile,SKIP,0.02,-1.0,8,0.0,1.0,NO,False,
2025-12-27T05:52:53.390325,KXINX-26JAN02H1600-B7112,deepseek,deepseek-chat,SKIP,0.0,0.0,10,0.0,1.0,NO,False,
2025-12-27T05:52:54.066312,KXINX-26JAN02H1600-B7112,gemini,gemini-2.0-flash,SKIP,0.0,0.0,10,0.0,1.0,NO,False,
2025-12-27T05:52:55.115770,KXINX-26JAN02H1600-B7112,openai,gpt-4o-mini,NO,0.01,-0.99,9,0.0,1.0,NO,True,
2025-12-27T05:52:55.934240,KXINX-26JAN02H1600-B7112,claude,claude-3-haiku-20240307,NO,0.2,-0.8,8,0.0,1.0,NO,True,
2025-12-27T05:53:00.205495,KXINX-26JAN02H1600-B7112,claude,claude-sonnet-4-5,SKIP,0.02,-0.98,3,0.0,1.0,NO,False,
2025-12-27T05:53:00.520956,KXINX-26JAN02H1600-B7087,groq,llama-3.3-70b-versatile,SKIP,0.02,-1.0,8,0.0,1.0,NO,False,
2025-12-27T05:53:03.916348,KXINX-26JAN02H1600-B7087,deepseek,deepseek-chat,SKIP,0.0,0.0,10,0.0,1.0,NO,False,
2025-12-27T05:53:04.713832,KXINX-26JAN02H1600-B7087,gemini,gemini-2.0-flash,SKIP,0.0,0.0,1,0.0,1.0,NO,False,
2025-12-27T05:53:05.876958,KXINX-26JAN02H1600-B7087,openai,gpt-4o-mini,NO,0.01,-0.99,9,0.0,1.0,NO,True,
2025-12-27T05:53:07.607971,KXINX-26JAN02H1600-B7087,claude,claude-3-haiku-20240307,NO,0.2,-0.8,8,0.0,1.0,NO,True,
2025-12-27T05:53:11.405564,KXINX-26JAN02H1600-B7087,claude,claude-sonnet-4-5,SKIP,0.02,-0.98,3,0.0,1.0,NO,False,
2025-12-27T05:53:11.690957,KXINX-26JAN02H1600-B7062,groq,llama-3.3-70b-versatile,SKIP,0.02,-1.0,8,0.0,1.0,NO,False,
2025-12-27T05:53:14.895803,KXINX-26JAN02H1600-B7062,deepseek,deepseek-chat,SKIP,0.0,0.0,10,0.0,1.0,NO,False,
2025-12-27T05:53:15.756189,KXINX-26JAN02H1600-B7062,gemini,gemini-2.0-flash,SKIP,0.0,0.0,10,0.0,1.0,NO,False,
2025-12-27T05:53:16.976166,KXINX-26JAN02H1600-B7062,openai,gpt-4o-mini,NO,0.0,-1.0,10,0.0,1.0,NO,True,
2025-12-27T05:53:17.984477,KXINX-26JAN02H1600-B7062,claude,claude-3-haiku-20240307,NO,0.2,-0.8,8,0.0,1.0,NO,True,
2025-12-27T05:53:22.273934,KXINX-26JAN02H1600-B7062,claude,claude-sonnet-4-5,SKIP,0.02,-0.98,3,0.0,1.0,NO,False,
2025-12-27T05:53:22.556215,KXINX-26JAN02H1600-B7037,groq,llama-3.3-70b-versatile,SKIP,0.02,-1.0,8,0.0,1.0,NO,False,
2025-12-27T05:53:26.464380,KXINX-26JAN02H1600-B7037,deepseek,deepseek-chat,SKIP,0.0,0.0,10,0.0,1.0,NO,False,
2025-12-27T05:53:27.286306,KXINX-26JAN02H1600-B7037,gemini,gemini-2.0-flash,SKIP,0.0,0.0,1,0.0,1.0,NO,False,
2025-12-27T05:53:29.008130,KXINX-26JAN02H1600-B7037,openai,gpt-4o-mini,NO,0.01,-0.99,9,0.0,1.0,NO,True,
2025-12-27T05:53:29.869921,KXINX-26JAN02H1600-B7037,claude,claude-3-haiku-20240307,NO,0.2,-0.8,8,0.0,1.0,NO,True,
2025-12-27T05:53:34.654094,KXINX-26JAN02H1600-B7037,claude,claude-sonnet-4-5,SKIP,0.02,-0.98,3,0.0,1.0,NO,False,
2025-12-27T05:53:34.993753,KXINX-26JAN02H1600-B7012,groq,llama-3.3-70b-versatile,SKIP,0.0,-1.0,10,0.0,1.0,NO,False,
2025-12-27T05:53:38.153524,KXINX-26JAN02H1600-B7012,deepseek,deepseek-chat,SKIP,0.0,0.0,10,0.0,1.0,NO,False,
2025-12-27T05:53:38.912808,KXINX-26JAN02H1600-B7012,gemini,gemini-2.0-flash,SKIP,0.0,0.0,10,0.0,1.0,NO,False,
2025-12-27T05:53:40.401112,KXINX-26JAN02H1600-B7012,openai,gpt-4o-mini,NO,0.01,-0.99,9,0.0,1.0,NO,True,
2025-12-27T05:53:41.325858,KXINX-26JAN02H1600-B7012,claude,claude-3-haiku-20240307,NO,0.1,-0.9,8,0.0,1.0,NO,True,
2025-12-27T05:53:45.453104,KXINX-26JAN02H1600-B7012,claude,claude-sonnet-4-5,SKIP,0.02,-0.98,3,0.0,1.0,NO,False,
2025-12-27T05:53:45.724169,KXINX-26JAN02H1600-B6987,groq,llama-3.3-70b-versatile,SKIP,0.02,-1.0,8,0.0,1.0,YES,False,
2025-12-27T05:53:48.835495,KXINX-26JAN02H1600-B6987,deepseek,deepseek-chat,SKIP,0.0,0.0,10,0.0,1.0,YES,False,
2025-12-27T05:53:49.572582,KXINX-26JAN02H1600-B6987,gemini,gemini-2.0-flash,SKIP,0.0,0.0,10,0.0,1.0,YES,False,
2025-12-27T05:53:50.570657,KXINX-26JAN02H1600-B6987,openai,gpt-4o-mini,NO,0.01,-0.99,9,0.0,1.0,YES,False,
2025-12-27T05:53:51.301427,KXINX-26JAN02H1600-B6987,claude,claude-3-haiku-20240307,YES,0.2,0.2,7,0.0,1.0,YES,True,
2025-12-27T05:53:55.998707,KXINX-26JAN02H1600-B6987,claude,claude-sonnet-4-5,SKIP,0.02,-0.98,3,0.0,1.0,YES,False,
2025-12-27T05:53:56.333880,KXINX-26JAN02H1600-B6962,groq,llama-3.3-70b-versatile,SKIP,0.02,-1.0,8,0.0,1.0,YES,False,
2025-12-27T05:53:59.657463,KXINX-26JAN02H1600-B6962,deepseek,deepseek-chat,SKIP,0.0,0.0,10,0.0,1.0,YES,False,
2025-12-27T05:54:00.454213,KXINX-26JAN02H1600-B6962,gemini,gemini-2.0-flash,SKIP,0.0,0.0,10,0.0,1.0,YES,False,
2025-12-27T05:54:01.443354,KXINX-26JAN02H1600-B6962,openai,gpt-4o-mini,NO,0.01,-0.99,9,0.0,1.0,YES,False,
2025-12-27T05:54:02.272050,KXINX-26JAN02H1600-B6962,claude,claude-3-haiku-20240307,YES,0.35,0.35,7,0.0,1.0,YES,True,
2025-12-27T05:54:06.601118,KXINX-26JAN02H1600-B6962,claude,claude-sonnet-4-5,SKIP,0.02,-0.98,3,0.0,1.0,YES,False,
2025-12-27T05:54:06.901952,KXINX-26JAN02H1600-B6937,groq,llama-3.3-70b-versatile,SKIP,0.05,-1.0,8,0.0,1.0,YES,False,
2025-12-27T05:54:10.578993,KXINX-26JAN02H1600-B6937,deepseek,deepseek-chat,SKIP,0.0,0.0,10,0.0,1.0,YES,False,
2025-12-27T05:54:11.291364,KXINX-26JAN02H1600-B6937,gemini,gemini-2.0-flash,SKIP,0.0,0.0,10,0.0,1.0,YES,False,
2025-12-27T05:54:12.518309,KXINX-26JAN02H1600-B6937,openai,gpt-4o-mini,NO,0.99,-0.01,9,0.0,1.0,YES,False,
2025-12-27T05:54:13.236246,KXINX-26JAN02H1600-B6937,claude,claude-3-haiku-20240307,YES,0.3,0.3,7,0.0,1.0,YES,True,
2025-12-27T05:54:17.162270,KXINX-26JAN02H1600-B6937,claude,claude-sonnet-4-5,SKIP,0.02,-0.98,3,0.0,1.0,YES,False,
2025-12-27T05:54:17.445454,KXINX-26JAN02H1600-B6912,groq,llama-3.3-70b-versatile,SKIP,0.02,-1.0,8,0.0,1.0,YES,False,
2025-12-27T05:54:20.589233,KXINX-26JAN02H1600-B6912,deepseek,deepseek-chat,SKIP,0.0,0.0,10,0.0,1.0,YES,False,
2025-12-27T05:54:21.342400,KXINX-26JAN02H1600-B6912,gemini,gemini-2.0-flash,SKIP,0.0,0.0,10,0.0,1.0,YES,False,
2025-12-27T05:54:22.816325,KXINX-26JAN02H1600-B6912,openai,gpt-4o-mini,NO,0.0,-1.0,10,0.0,1.0,YES,False,
2025-12-27T05:54:23.809795,KXINX-26JAN02H1600-B6912,claude,claude-3-haiku-20240307,YES,0.3,0.3,7,0.0,1.0,YES,True,
2025-12-27T05:54:30.455466,KXINX-26JAN02H1600-B6912,claude,claude-sonnet-4-5,SKIP,0.02,-0.98,3,0.0,1.0,YES,False,
2025-12-27T05:54:30.778201,KXINX-26JAN02H1600-B6887,groq,llama-3.3-70b-versatile,SKIP,0.02,-1.0,8,0.0,1.0,NO,False,
2025-12-27T05:54:34.296773,KXINX-26JAN02H1600-B6887,deepseek,deepseek-chat,SKIP,0.0,0.0,10,0.0,1.0,NO,False,
2025-12-27T05:54:35.263696,KXINX-26JAN02H1600-B6887,gemini,gemini-2.0-flash,SKIP,0.0,0.0,10,0.0,1.0,NO,False,
2025-12-27T05:54:36.408647,KXINX-26JAN02H1600-B6887,openai,gpt-4o-mini,NO,0.05,0.05,8,0.0,1.0,NO,True,
2025-12-27T05:54:37.445298,KXINX-26JAN02H1600-B6887,claude,claude-3-haiku-20240307,NO,0.2,-0.8,8,0.0,1.0,NO,True,
2025-12-27T05:54:41.538112,KXINX-26JAN02H1600-B6887,claude,claude-sonnet-4-5,SKIP,0.02,-0.98,3,0.0,1.0,NO,False,
2025-12-27T05:54:41.877510,KXINX-26JAN02H1600-B6862,groq,llama-3.3-70b-versatile,SKIP,0.02,-1.0,8,0.0,1.0,NO,False,
2025-12-27T05:54:45.282228,KXINX-26JAN02H1600-B6862,deepseek,deepseek-chat,SKIP,0.0,0.0,10,0.0,1.0,NO,False,
2025-12-27T05:54:45.909564,KXINX-26JAN02H1600-B6862,gemini,gemini-2.0-flash,SKIP,0.0,0.0,10,0.0,1.0,NO,False,
2025-12-27T05:54:46.993269,KXINX-26JAN02H1600-B6862,openai,gpt-4o-mini,NO,0.0,-1.0,10,0.0,1.0,NO,True,
2025-12-27T05:54:47.871309,KXINX-26JAN02H1600-B6862,claude,claude-3-haiku-20240307,NO,0.2,-0.8,7,0.0,1.0,NO,True,
2025-12-27T05:54:52.116473,KXINX-26JAN02H1600-B6862,claude,claude-sonnet-4-5,SKIP,0.02,-0.98,3,0.0,1.0,NO,False,
2025-12-27T05:54:52.469500,KXINX-26JAN02H1600-B6837,groq,llama-3.3-70b-versatile,SKIP,0.05,-1.0,8,0.0,1.0,NO,False,
2025-12-27T05:54:56.446831,KXINX-26JAN02H1600-B6837,deepseek,deepseek-chat,SKIP,0.0,0.0,10,0.0,1.0,NO,False,
2025-12-27T05:54:57.118652,KXINX-26JAN02H1600-B6837,gemini,gemini-2.0-flash,SKIP,0.0,0.0,10,0.0,1.0,NO,False,
2025-12-27T05:54:58.290260,KXINX-26JAN02H1600-B6837,openai,gpt-4o-mini,NO,0.01,-0.99,9,0.0,1.0,NO,True,
2025-12-27T05:54:59.099487,KXINX-26JAN02H1600-B6837,claude,claude-3-haiku-20240307,NO,0.3,-0.7,7,0.0,1.0,NO,True,
2025-12-27T05:55:03.516121,KXINX-26JAN02H1600-B6837,claude,claude-sonnet-4-5,SKIP,0.02,-0.98,3,0.0,1.0,NO,False,
2025-12-27T05:55:03.781599,KXINX-26JAN02H1600-B6812,groq,llama-3.3-70b-versatile,SKIP,0.02,-1.0,8,0.0,1.0,YES,False,
2025-12-27T05:55:07.460617,KXINX-26JAN02H1600-B6812,deepseek,deepseek-chat,SKIP,0.0,0.0,10,0.0,1.0,YES,False,
2025-12-27T05:55:08.156436,KXINX-26JAN02H1600-B6812,gemini,gemini-2.0-flash,SKIP,0.0,0.0,10,0.0,1.0,YES,False,
2025-12-27T05:55:09.956001,KXINX-26JAN02H1600-B6812,openai,gpt-4o-mini,NO,0.05,0.05,8,0.0,1.0,YES,False,
2025-12-27T05:55:15.826804,KXINX-26JAN02H1600-B6812,claude,claude-3-haiku-20240307,YES,0.2,0.2,7,0.0,1.0,YES,True,
2025-12-27T05:55:20.019157,KXINX-26JAN02H1600-B6812,claude,claude-sonnet-4-5,SKIP,0.02,-0.98,3,0.0,1.0,YES,False,
2025-12-27T05:55:20.321711,KXINX-26JAN02H1600-B6787,groq,llama-3.3-70b-versatile,SKIP,0.02,-1.0,8,0.0,1.0,NO,False,
2025-12-27T05:55:23.897570,KXINX-26JAN02H1600-B6787,deepseek,deepseek-chat,SKIP,0.0,0.0,10,0.0,1.0,NO,False,
2025-12-27T05:55:24.659810,KXINX-26JAN02H1600-B6787,gemini,gemini-2.0-flash,SKIP,0.0,0.0,10,0.0,1.0,NO,False,
2025-12-27T05:55:25.875309,KXINX-26JAN02H1600-B6787,openai,gpt-4o-mini,NO,0.01,-0.99,9,0.0,1.0,NO,True,
2025-12-27T05:55:26.785135,KXINX-26JAN02H1600-B6787,claude,claude-3-haiku-20240307,NO,0.2,-0.8,7,0.0,1.0,NO,True,
2025-12-27T05:55:30.729187,KXINX-26JAN02H1600-B6787,claude,claude-sonnet-4-5,SKIP,0.02,-0.98,3,0.0,1.0,NO,False,
2025-12-27T05:55:31.037107,KXINX-26JAN02H1600-B6762,groq,llama-3.3-70b-versatile,SKIP,0.02,-1.0,8,0.0,1.0,NO,False,
2025-12-27T05:55:34.533343,KXINX-26JAN02H1600-B6762,deepseek,deepseek-chat,SKIP,0.0,0.0,10,0.0,1.0,NO,False,
2025-12-27T05:55:35.239215,KXINX-26JAN02H1600-B6762,gemini,gemini-2.0-flash,SKIP,0.0,0.0,10,0.0,1.0,NO,False,
2025-12-27T05:55:36.360777,KXINX-26JAN02H1600-B6762,openai,gpt-4o-mini,NO,0.01,-0.99,9,0.0,1.0,NO,True,
2025-12-27T05:55:37.414566,KXINX-26JAN02H1600-B6762,claude,claude-3-haiku-20240307,NO,0.1,-0.9,8,0.0,1.0,NO,True,
2025-12-27T05:55:41.553141,KXINX-26JAN02H1600-B6762,claude,claude-sonnet-4-5,SKIP,0.02,-0.98,3,0.0,1.0,NO,False,
2025-12-27T05:55:41.928605,KXINX-26JAN02H1600-B6737,groq,llama-3.3-70b-versatile,SKIP,0.05,-1.0,8,0.0,1.0,NO,False,
2025-12-27T05:55:45.120124,KXINX-26JAN02H1600-B6737,deepseek,deepseek-chat,SKIP,0.0,0.0,10,0.0,1.0,NO,False,
2025-12-27T05:55:45.864300,KXINX-26JAN02H1600-B6737,gemini,gemini-2.0-flash,SKIP,0.0,0.0,10,0.0,1.0,NO,False,
2025-12-27T05:55:47.179152,KXINX-26JAN02H1600-B6737,openai,gpt-4o-mini,NO,0.0,-1.0,10,0.0,1.0,NO,True,
2025-12-27T05:55:47.970557,KXINX-26JAN02H1600-B6737,claude,claude-3-haiku-20240307,NO,0.2,-0.8,8,0.0,1.0,NO,True,
2025-12-27T05:55:52.120272,KXINX-26JAN02H1600-B6737,claude,claude-sonnet-4-5,SKIP,0.02,-0.98,3,0.0,1.0,NO,False,
2025-12-27T05:55:52.432608,KXINX-26JAN02H1600-B6712,groq,llama-3.3-70b-versatile,SKIP,0.02,-1.0,8,0.0,1.0,NO,False,
2025-12-27T05:55:55.764202,KXINX-26JAN02H1600-B6712,deepseek,deepseek-chat,SKIP,0.0,0.0,10,0.0,1.0,NO,False,
2025-12-27T05:55:56.545942,KXINX-26JAN02H1600-B6712,gemini,gemini-2.0-flash,SKIP,0.0,0.0,10,0.0,1.0,NO,False,
2025-12-27T05:55:57.763890,KXINX-26JAN02H1600-B6712,openai,gpt-4o-mini,NO,0.05,0.05,8,0.0,1.0,NO,True,
2025-12-27T05:55:58.670250,KXINX-26JAN02H1600-B6712,claude,claude-3-haiku-20240307,NO,0.2,-0.8,8,0.0,1.0,NO,True,
2025-12-27T05:56:02.975684,KXINX-26JAN02H1600-B6712,claude,claude-sonnet-4-5,SKIP,0.02,-0.98,3,0.0,1.0,NO,False,
2025-12-27T05:56:03.292222,KXINX-26JAN02H1600-B6687,groq,llama-3.3-70b-versatile,SKIP,0.02,-1.0,8,0.0,1.0,YES,False,
2025-12-27T05:56:06.920477,KXINX-26JAN02H1600-B6687,deepseek,deepseek-chat,SKIP,0.0,0.0,10,0.0,1.0,YES,False,
2025-12-27T05:56:07.629210,KXINX-26JAN02H1600-B6687,gemini,gemini-2.0-flash,SKIP,0.0,0.0,10,0.0,1.0,YES,False,
2025-12-27T05:56:09.799730,KXINX-26JAN02H1600-B6687,openai,gpt-4o-mini,SKIP,0.01,-0.99,8,0.0,1.0,YES,False,
2025-12-27T05:56:17.550450,KXINX-26JAN02H1600-B6687,claude,claude-3-haiku-20240307,YES,0.25,0.25,7,0.0,1.0,YES,True,
2025-12-27T05:56:21.495647,KXINX-26JAN02H1600-B6687,claude,claude-sonnet-4-5,SKIP,0.02,-0.98,3,0.0,1.0,YES,False,
2025-12-27T05:56:21.778351,KXINX-26JAN02H1600-B6662,groq,llama-3.3-70b-versatile,SKIP,0.02,-1.0,8,0.0,1.0,YES,False,
2025-12-27T05:56:24.793841,KXINX-26JAN02H1600-B6662,deepseek,deepseek-chat,SKIP,0.0,0.0,10,0.0,1.0,YES,False,
2025-12-27T05:56:25.520339,KXINX-26JAN02H1600-B6662,gemini,gemini-2.0-flash,SKIP,0.0,0.0,10,0.0,1.0,YES,False,
2025-12-27T05:56:28.089811,KXINX-26JAN02H1600-B6662,openai,gpt-4o-mini,NO,0.05,0.05,8,0.0,1.0,YES,False,
2025-12-27T05:56:29.093316,KXINX-26JAN02H1600-B6662,claude,claude-3-haiku-20240307,YES,0.35,0.35,7,0.0,1.0,YES,True,
2025-12-27T05:56:33.073388,KXINX-26JAN02H1600-B6662,claude,claude-sonnet-4-5,SKIP,0.02,-0.98,3,0.0,1.0,YES,False,
2025-12-27T05:56:33.405179,KXINX-26JAN02H1600-B6637,groq,llama-3.3-70b-versatile,SKIP,0.05,-1.0,8,0.0,1.0,YES,False,
2025-12-27T05:56:36.951212,KXINX-26JAN02H1600-B6637,deepseek,deepseek-chat,SKIP,0.0,0.0,10,0.0,1.0,YES,False,
2025-12-27T05:56:37.657847,KXINX-26JAN02H1600-B6637,gemini,gemini-2.0-flash,SKIP,0.0,0.0,10,0.0,1.0,YES,False,
2025-12-27T05:56:38.863818,KXINX-26JAN02H1600-B6637,openai,gpt-4o-mini,NO,0.01,-0.99,9,0.0,1.0,YES,False,
2025-12-27T05:56:39.670364,KXINX-26JAN02H1600-B6637,claude,claude-3-haiku-20240307,YES,0.45,0.45,7,0.0,1.0,YES,True,
2025-12-27T05:56:43.832259,KXINX-26JAN02H1600-B6637,claude,claude-sonnet-4-5,SKIP,0.02,-0.98,3,0.0,1.0,YES,False,
2025-12-27T05:56:44.207464,KXINX-26JAN02H1600-B6612,groq,llama-3.3-70b-versatile,SKIP,0.05,-1.0,8,0.0,1.0,YES,False,
2025-12-27T05:56:47.228708,KXINX-26JAN02H1600-B6612,deepseek,deepseek-chat,SKIP,0.0,0.0,10,0.0,1.0,YES,False,
2025-12-27T05:56:47.860343,KXINX-26JAN02H1600-B6612,gemini,gemini-2.0-flash,SKIP,0.0,0.0,10,0.0,1.0,YES,False,
2025-12-27T05:56:49.221168,KXINX-26JAN02H1600-B6612,openai,gpt-4o-mini,NO,0.05,0.05,8,0.0,1.0,YES,False,
2025-12-27T05:56:50.183011,KXINX-26JAN02H1600-B6612,claude,claude-3-haiku-20240307,YES,0.2,0.2,6,0.0,1.0,YES,True,
2025-12-27T05:56:54.420964,KXINX-26JAN02H1600-B6612,claude,claude-sonnet-4-5,SKIP,0.02,-0.98,3,0.0,1.0,YES,False,
2025-12-27T05:56:54.718614,KXINX-26JAN02H1600-B6587,groq,llama-3.3-70b-versatile,SKIP,0.02,-1.0,8,0.0,1.0,NO,False,
2025-12-27T05:56:58.143204,KXINX-26JAN02H1600-B6587,deepseek,deepseek-chat,SKIP,0.0,0.0,10,0.0,1.0,NO,False,
2025-12-27T05:56:58.773359,KXINX-26JAN02H1600-B6587,gemini,gemini-2.0-flash,SKIP,0.0,0.0,10,0.0,1.0,NO,False,
2025-12-27T05:57:00.250525,KXINX-26JAN02H1600-B6587,openai,gpt-4o-mini,NO,0.01,-0.99,9,0.0,1.0,NO,True,
2025-12-27T05:57:01.936341,KXINX-26JAN02H1600-B6587,claude,claude-3-haiku-20240307,NO,0.2,-0.8,7,0.0,1.0,NO,True,
2025-12-27T05:57:05.944506,KXINX-26JAN02H1600-B6587,claude,claude-sonnet-4-5,SKIP,0.02,-0.98,3,0.0,1.0,NO,False,
2025-12-27T05:57:06.276628,KXINX-25DEC29H1600-T7274.9999,groq,llama-3.3-70b-versatile,SKIP,0.05,-1.0,8,0.0,1.0,YES,False,
2025-12-27T05:57:09.007544,KXINX-25DEC29H1600-T7274.9999,deepseek,deepseek-chat,SKIP,0.0,0.0,10,0.0,1.0,YES,False,
2025-12-27T05:57:09.649881,KXINX-25DEC29H1600-T7274.9999,gemini,gemini-2.0-flash,YES,0.55,0.55,6,0.0,1.0,YES,True,
2025-12-27T05:57:10.981034,KXINX-25DEC29H1600-T7274.9999,openai,gpt-4o-mini,NO,0.99,0.01,9,0.0,1.0,YES,False,
2025-12-27T05:57:11.770408,KXINX-25DEC29H1600-T7274.9999,claude,claude-3-haiku-20240307,YES,0.65,0.65,8,0.0,1.0,YES,True,
2025-12-27T05:57:15.235022,KXINX-25DEC29H1600-T7274.9999,claude,claude-sonnet-4-5,NO,0.02,0.98,9,0.0,1.0,YES,False,
2025-12-27T05:57:15.458888,KXINX-25DEC29H1600-T6575,groq,llama-3.3-70b-versatile,SKIP,0.05,-1.0,8,0.0,1.0,NO,False,
2025-12-27T05:57:18.409500,KXINX-25DEC29H1600-T6575,deepseek,deepseek-chat,SKIP,0.0,0.0,10,0.0,1.0,NO,False,
2025-12-27T05:57:19.147094,KXINX-25DEC29H1600-T6575,gemini,gemini-2.0-flash,YES,0.01,1.0,8,0.0,1.0,NO,False,
2025-12-27T05:57:20.490360,KXINX-25DEC29H1600-T6575,openai,gpt-4o-mini,NO,0.01,1.0,9,0.0,1.0,NO,True,
2025-12-27T05:57:21.178878,KXINX-25DEC29H1600-T6575,claude,claude-3-haiku-20240307,NO,0.1,-0.9,8,0.0,1.0,NO,True,
2025-12-27T05:57:26.157947,KXINX-25DEC29H1600-T6575,claude,claude-sonnet-4-5,SKIP,0.15,-0.85,3,0.0,1.0,NO,False,
2025-12-27T05:57:26.493331,KXINX-25DEC29H1600-B7262,groq,llama-3.3-70b-versatile,SKIP,0.01,-1.0,8,0.0,1.0,NO,False,
2025-12-27T05:57:30.074068,KXINX-25DEC29H1600-B7262,deepseek,deepseek-chat,SKIP,0.0,0.0,10,0.0,1.0,NO,False,
2025-12-27T05:57:30.762377,KXINX-25DEC29H1600-B7262,gemini,gemini-2.0-flash,SKIP,0.0001,-0.9998999999999999,2,0.0,1.0,NO,False,
2025-12-27T05:57:33.129813,KXINX-25DEC29H1600-B7262,openai,gpt-4o-mini,NO,0.01,-0.99,9,0.0,1.0,NO,True,
2025-12-27T05:57:34.039199,KXINX-25DEC29H1600-B7262,claude,claude-3-haiku-20240307,NO,0.2,-0.8,8,0.0,1.0,NO,True,
2025-12-27T05:57:39.096983,KXINX-25DEC29H1600-B7262,claude,claude-sonnet-4-5,SKIP,0.02,-0.98,3,0.0,1.0,NO,False,
2025-12-27T05:57:39.466509,KXINX-25DEC29H1600-B7237,groq,llama-3.3-70b-versatile,SKIP,0.02,-1.0,8,0.0,1.0,NO,False,
2025-12-27T05:57:43.254066,KXINX-25DEC29H1600-B7237,deepseek,deepseek-chat,SKIP,0.0,0.0,10,0.0,1.0,NO,False,
2025-12-27T05:57:44.078401,KXINX-25DEC29H1600-B7237,gemini,gemini-2.0-flash,SKIP,0.0,0.0,1,0.0,1.0,NO,False,
2025-12-27T05:57:45.258234,KXINX-25DEC29H1600-B7237,openai,gpt-4o-mini,NO,0.0,-1.0,10,0.0,1.0,NO,True,
2025-12-27T05:57:46.230484,KXINX-25DEC29H1600-B7237,claude,claude-3-haiku-20240307,NO,0.2,-0.8,8,0.0,1.0,NO,True,
2025-12-27T05:57:50.464061,KXINX-25DEC29H1600-B7237,claude,claude-sonnet-4-5,SKIP,0.02,-0.98,3,0.0,1.0,NO,False,
2025-12-27T05:57:50.759002,KXINX-25DEC29H1600-B7212,groq,llama-3.3-70b-versatile,SKIP,0.02,-1.0,8,0.0,1.0,NO,False,
2025-12-27T05:57:53.747945,KXINX-25DEC29H1600-B7212,deepseek,deepseek-chat,SKIP,0.0,0.0,10,0.0,1.0,NO,False,
2025-12-27T05:57:54.430188,KXINX-25DEC29H1600-B7212,gemini,gemini-2.0-flash,SKIP,0.0,0.0,10,0.0,1.0,NO,False,
2025-12-27T05:57:56.086223,KXINX-25DEC29H1600-B7212,openai,gpt-4o-mini,NO,0.01,1.0,9,0.0,1.0,NO,True,
2025-12-27T05:57:56.849343,KXINX-25DEC29H1600-B7212,claude,claude-3-haiku-20240307,NO,0.2,-0.8,7,0.0,1.0,NO,True,
2025-12-27T05:58:00.719411,KXINX-25DEC29H1600-B7212,claude,claude-sonnet-4-5,SKIP,0.02,-0.98,3,0.0,1.0,NO,False,
2025-12-27T05:58:01.051795,KXINX-25DEC29H1600-B7187,groq,llama-3.3-70b-versatile,SKIP,0.02,-1.0,8,0.0,1.0,YES,False,
2025-12-27T05:58:04.895669,KXINX-25DEC29H1600-B7187,deepseek,deepseek-chat,SKIP,0.0,0.0,10,0.0,1.0,YES,False,
2025-12-27T05:58:05.603303,KXINX-25DEC29H1600-B7187,gemini,gemini-2.0-flash,SKIP,0.0,0.0,1,0.0,1.0,YES,False,
2025-12-27T05:58:07.466929,KXINX-25DEC29H1600-B7187,openai,gpt-4o-mini,NO,0.01,-0.99,9,0.0,1.0,YES,False,
2025-12-27T05:58:08.304934,KXINX-25DEC29H1600-B7187,claude,claude-3-haiku-20240307,YES,0.2,0.2,7,0.0,1.0,YES,True,
2025-12-27T05:58:13.480637,KXINX-25DEC29H1600-B7187,claude,claude-sonnet-4-5,SKIP,0.02,-0.98,3,0.0,1.0,YES,False,
2025-12-27T05:58:13.804655,KXINX-25DEC29H1600-B7162,groq,llama-3.3-70b-versatile,SKIP,0.02,-1.0,8,0.0,1.0,YES,False,
2025-12-27T05:58:16.986353,KXINX-25DEC29H1600-B7162,deepseek,deepseek-chat,SKIP,0.0,0.0,10,0.0,1.0,YES,False,
2025-12-27T05:58:17.747583,KXINX-25DEC29H1600-B7162,gemini,gemini-2.0-flash,SKIP,0.0,0.0,1,0.0,1.0,YES,False,
2025-12-27T05:58:18.736664,KXINX-25DEC29H1600-B7162,openai,gpt-4o-mini,NO,0.0,-1.0,10,0.0,1.0,YES,False,
2025-12-27T05:58:19.708224,KXINX-25DEC29H1600-B7162,claude,claude-3-haiku-20240307,YES,0.2,0.2,7,0.0,1.0,YES,True,
2025-12-27T05:58:23.669917,KXINX-25DEC29H1600-B7162,claude,claude-sonnet-4-5,SKIP,0.02,-0.98,3,0.0,1.0,YES,False,
2025-12-27T05:58:23.982165,KXINX-25DEC29H1600-B7137,groq,llama-3.3-70b-versatile,SKIP,0.02,-1.0,8,0.0,1.0,NO,False,
2025-12-27T05:58:27.660667,KXINX-25DEC29H1600-B7137,deepseek,deepseek-chat,SKIP,0.0,0.0,10,0.0,1.0,NO,False,
2025-12-27T05:58:28.416584,KXINX-25DEC29H1600-B7137,gemini,gemini-2.0-flash,SKIP,0.0001,-0.9998999999999999,10,0.0,1.0,NO,False,
2025-12-27T05:58:29.622024,KXINX-25DEC29H1600-B7137,openai,gpt-4o-mini,NO,0.0,-1.0,10,0.0,1.0,NO,True,
2025-12-27T05:58:30.326391,KXINX-25DEC29H1600-B7137,claude,claude-3-haiku-20240307,NO,0.2,-0.8,8,0.0,1.0,NO,True,
2025-12-27T05:58:35.213041,KXINX-25DEC29H1600-B7137,claude,claude-sonnet-4-5,SKIP,0.02,-0.98,3,0.0,1.0,NO,False,
2025-12-27T05:58:35.587310,KXINX-25DEC29H1600-B7112,groq,llama-3.3-70b-versatile,SKIP,0.05,-1.0,8,0.0,1.0,NO,False,
2025-12-27T05:58:39.116381,KXINX-25DEC29H1600-B7112,deepseek,deepseek-chat,SKIP,0.0,0.0,10,0.0,1.0,NO,False,
2025-12-27T05:58:39.825305,KXINX-25DEC29H1600-B7112,gemini,gemini-2.0-flash,SKIP,0.0,0.0,10,0.0,1.0,NO,False,
2025-12-27T05:58:40.638822,KXINX-25DEC29H1600-B7112,openai,gpt-4o-mini,NO,0.01,-0.99,9,0.0,1.0,NO,True,
2025-12-27T05:58:41.730057,KXINX-25DEC29H1600-B7112,claude,claude-3-haiku-20240307,NO,0.2,-0.8,8,0.0,1.0,NO,True,
2025-12-27T05:58:45.828137,KXINX-25DEC29H1600-B7112,claude,claude-sonnet-4-5,SKIP,0.02,-0.98,3,0.0,1.0,NO,False,
2025-12-27T05:58:46.152306,KXINX-25DEC29H1600-B7087,groq,llama-3.3-70b-versatile,SKIP,0.02,-1.0,8,0.0,1.0,YES,False,
2025-12-27T05:58:49.891871,KXINX-25DEC29H1600-B7087,deepseek,deepseek-chat,SKIP,0.0,0.0,10,0.0,1.0,YES,False,
2025-12-27T05:58:50.481265,KXINX-25DEC29H1600-B7087,gemini,gemini-2.0-flash,SKIP,0.0,0.0,1,0.0,1.0,YES,False,
2025-12-27T05:58:51.651536,KXINX-25DEC29H1600-B7087,openai,gpt-4o-mini,NO,0.01,-0.99,9,0.0,1.0,YES,False,
2025-12-27T05:58:52.609300,KXINX-25DEC29H1600-B7087,claude,claude-3-haiku-20240307,YES,0.2,0.2,7,0.0,1.0,YES,True,
2025-12-27T05:58:56.971006,KXINX-25DEC29H1600-B7087,claude,claude-sonnet-4-5,SKIP,0.02,-0.98,3,0.0,1.0,YES,False,
2025-12-27T05:58:57.242876,KXINX-25DEC29H1600-B7062,groq,llama-3.3-70b-versatile,SKIP,0.02,-1.0,8,0.0,1.0,YES,False,
2025-12-27T05:59:00.918555,KXINX-25DEC29H1600-B7062,deepseek,deepseek-chat,SKIP,0.0,0.0,10,0.0,1.0,YES,False,
2025-12-27T05:59:01.608290,KXINX-25DEC29H1600-B7062,gemini,gemini-2.0-flash,SKIP,0.0,0.0,10,0.0,1.0,YES,False,
2025-12-27T05:59:02.882178,KXINX-25DEC29H1600-B7062,openai,gpt-4o-mini,NO,0.0,-1.0,10,0.0,1.0,YES,False,
2025-12-27T05:59:14.907580,KXINX-25DEC29H1600-B7062,claude,claude-3-haiku-20240307,YES,0.25,0.25,7,0.0,1.0,YES,True,
2025-12-27T05:59:18.935044,KXINX-25DEC29H1600-B7062,claude,claude-sonnet-4-5,SKIP,0.02,-0.98,3,0.0,1.0,YES,False,
2025-12-27T05:59:19.306476,KXINX-25DEC29H1600-B7037,groq,llama-3.3-70b-versatile,SKIP,0.02,-1.0,8,0.0,1.0,YES,False,
2025-12-27T05:59:22.538542,KXINX-25DEC29H1600-B7037,deepseek,deepseek-chat,SKIP,0.0,0.0,10,0.0,1.0,YES,False,
2025-12-27T05:59:23.224067,KXINX-25DEC29H1600-B7037,gemini,gemini-2.0-flash,SKIP,0.0,0.0,10,0.0,1.0,YES,False,
2025-12-27T05:59:25.170516,KXINX-25DEC29H1600-B7037,openai,gpt-4o-mini,NO,0.01,1.0,9,0.0,1.0,YES,False,
2025-12-27T05:59:26.044612,KXINX-25DEC29H1600-B7037,claude,claude-3-haiku-20240307,YES,0.2,0.2,7,0.0,1.0,YES,True,
2025-12-27T05:59:31.488574,KXINX-25DEC29H1600-B7037,claude,claude-sonnet-4-5,SKIP,0.02,-0.98,3,0.0,1.0,YES,False,
2025-12-27T05:59:31.830386,KXINX-25DEC29H1600-B7012,groq,llama-3.3-70b-versatile,SKIP,0.01,-1.0,8,0.0,1.0,NO,False,
2025-12-27T05:59:35.348036,KXINX-25DEC29H1600-B7012,deepseek,deepseek-chat,SKIP,0.0,0.0,10,0.0,1.0,NO,False,
2025-12-27T05:59:36.068423,KXINX-25DEC29H1600-B7012,gemini,gemini-2.0-flash,SKIP,0.0001,-0.9998999999999999,10,0.0,1.0,NO,False,
2025-12-27T05:59:36.932508,KXINX-25DEC29H1600-B7012,openai,gpt-4o-mini,NO,0.01,-0.99,9,0.0,1.0,NO,True,
2025-12-27T05:59:37.811612,KXINX-25DEC29H1600-B7012,claude,claude-3-haiku-20240307,NO,0.05,-0.95,8,0.0,1.0,NO,True,
2025-12-27T05:59:42.571433,KXINX-25DEC29H1600-B7012,claude,claude-sonnet-4-5,SKIP,0.02,-0.98,3,0.0,1.0,NO,False,
2025-12-27T05:59:42.957087,KXINX-25DEC29H1600-B6987,groq,llama-3.3-70b-versatile,SKIP,0.02,-1.0,8,0.0,1.0,YES,False,
2025-12-27T05:59:45.811331,KXINX-25DEC29H1600-B6987,deepseek,deepseek-chat,SKIP,0.0,0.0,10,0.0,1.0,YES,False,
2025-12-27T05:59:46.688608,KXINX-25DEC29H1600-B6987,gemini,gemini-2.0-flash,YES,0.02,2.0,7,0.0,1.0,YES,True,
2025-12-27T05:59:47.543597,KXINX-25DEC29H1600-B6987,openai,gpt-4o-mini,SKIP,0.0,0.0,10,0.0,1.0,YES,False,
2025-12-27T05:59:48.908796,KXINX-25DEC29H1600-B6987,claude,claude-3-haiku-20240307,YES,0.3,0.3,7,0.0,1.0,YES,True,
2025-12-27T05:59:53.099289,KXINX-25DEC29H1600-B6987,claude,claude-sonnet-4-5,SKIP,0.02,-0.98,3,0.0,1.0,YES,False,
2025-12-27T05:59:53.414435,KXINX-25DEC29H1600-B6962,groq,llama-3.3-70b-versatile,SKIP,0.02,-1.0,8,0.0,1.0,YES,False,
2025-12-27T05:59:56.667393,KXINX-25DEC29H1600-B6962,deepseek,deepseek-chat,SKIP,0.0,0.0,10,0.0,1.0,YES,False,
2025-12-27T05:59:57.452097,KXINX-25DEC29H1600-B6962,gemini,gemini-2.0-flash,SKIP,0.0,0.0,1,0.0,1.0,YES,False,
2025-12-27T05:59:58.687127,KXINX-25DEC29H1600-B6962,openai,gpt-4o-mini,NO,0.0,-1.0,10,0.0,1.0,YES,False,
2025-12-27T05:59:59.365819,KXINX-25DEC29H1600-B6962,claude,claude-3-haiku-20240307,YES,0.2,0.2,7,0.0,1.0,YES,True,
2025-12-27T06:00:03.713217,KXINX-25DEC29H1600-B6962,claude,claude-sonnet-4-5,SKIP,0.02,-0.98,3,0.0,1.0,YES,False,
2025-12-27T06:00:04.037600,KXINX-25DEC29H1600-B6937,groq,llama-3.3-70b-versatile,SKIP,0.02,-1.0,8,0.0,1.0,YES,False,
2025-12-27T06:00:07.037627,KXINX-25DEC29H1600-B6937,deepseek,deepseek-chat,SKIP,0.0,0.0,10,0.0,1.0,YES,False,
2025-12-27T06:00:07.720363,KXINX-25DEC29H1600-B6937,gemini,gemini-2.0-flash,SKIP,0.0,0.0,1,0.0,1.0,YES,False,
2025-12-27T06:00:09.005137,KXINX-25DEC29H1600-B6937,openai,gpt-4o-mini,NO,0.0,-1.0,10,0.0,1.0,YES,False,
2025-12-27T06:00:10.266355,KXINX-25DEC29H1600-B6937,claude,claude-3-haiku-20240307,YES,0.3,0.3,7,0.0,1.0,YES,True,
2025-12-27T06:00:15.021194,KXINX-25DEC29H1600-B6937,claude,claude-sonnet-4-5,SKIP,0.02,-0.98,3,0.0,1.0,YES,False,
2025-12-27T06:00:15.413176,KXINX-25DEC29H1600-B6912,groq,llama-3.3-70b-versatile,SKIP,0.02,-1.0,8,0.0,1.0,NO,False,
2025-12-27T06:00:18.619866,KXINX-25DEC29H1600-B6912,deepseek,deepseek-chat,SKIP,0.0,0.0,10,0.0,1.0,NO,False,
2025-12-27T06:00:19.284740,KXINX-25DEC29H1600-B6912,gemini,gemini-2.0-flash,SKIP,0.0,0.0,1,0.0,1.0,NO,False,
2025-12-27T06:00:20.616738,KXINX-25DEC29H1600-B6912,openai,gpt-4o-mini,NO,0.99,0.01,9,0.0,1.0,NO,True,
2025-12-27T06:00:21.530327,KXINX-25DEC29H1600-B6912,claude,claude-3-haiku-20240307,NO,0.15,-0.85,8,0.0,1.0,NO,True,
2025-12-27T06:00:27.228828,KXINX-25DEC29H1600-B6912,claude,claude-sonnet-4-5,SKIP,0.02,-0.98,3,0.0,1.0,NO,False,
2025-12-27T06:00:27.545167,KXINX-25DEC29H1600-B6887,groq,llama-3.3-70b-versatile,SKIP,0.02,-1.0,8,0.0,1.0,NO,False,
2025-12-27T06:00:30.195525,KXINX-25DEC29H1600-B6887,deepseek,deepseek-chat,SKIP,0.0,0.0,10,0.0,1.0,NO,False,
2025-12-27T06:00:30.908713,KXINX-25DEC29H1600-B6887,gemini,gemini-2.0-flash,SKIP,0.0,0.0,10,0.0,1.0,NO,False,
2025-12-27T06:00:33.112259,KXINX-25DEC29H1600-B6887,openai,gpt-4o-mini,SKIP,0.0,-1.0,10,0.0,1.0,NO,False,
2025-12-27T06:00:34.118001,KXINX-25DEC29H1600-B6887,claude,claude-3-haiku-20240307,NO,0.2,-0.8,8,0.0,1.0,NO,True,
2025-12-27T06:00:38.781558,KXINX-25DEC29H1600-B6887,claude,claude-sonnet-4-5,SKIP,0.02,-0.98,3,0.0,1.0,NO,False,
2025-12-27T06:00:39.093818,KXINX-25DEC29H1600-B6862,groq,llama-3.3-70b-versatile,SKIP,0.02,-1.0,8,0.0,1.0,NO,False,
2025-12-27T06:00:43.013523,KXINX-25DEC29H1600-B6862,deepseek,deepseek-chat,SKIP,0.0,0.0,10,0.0,1.0,NO,False,
2025-12-27T06:00:43.708014,KXINX-25DEC29H1600-B6862,gemini,gemini-2.0-flash,SKIP,0.0,0.0,10,0.0,1.0,NO,False,
2025-12-27T06:00:45.084444,KXINX-25DEC29H1600-B6862,openai,gpt-4o-mini,NO,0.0,-1.0,10,0.0,1.0,NO,True,
2025-12-27T06:00:45.948663,KXINX-25DEC29H1600-B6862,claude,claude-3-haiku-20240307,NO,0.2,-0.8,8,0.0,1.0,NO,True,
2025-12-27T06:00:50.892254,KXINX-25DEC29H1600-B6862,claude,claude-sonnet-4-5,SKIP,0.02,-0.98,3,0.0,1.0,NO,False,
2025-12-27T06:00:51.213832,KXINX-25DEC29H1600-B6837,groq,llama-3.3-70b-versatile,SKIP,0.02,-1.0,8,0.0,1.0,YES,False,
2025-12-27T06:00:54.529810,KXINX-25DEC29H1600-B6837,deepseek,deepseek-chat,SKIP,0.0,0.0,10,0.0,1.0,YES,False,
2025-12-27T06:00:55.330327,KXINX-25DEC29H1600-B6837,gemini,gemini-2.0-flash,SKIP,0.0,0.0,1,0.0,1.0,YES,False,
2025-12-27T06:00:56.427099,KXINX-25DEC29H1600-B6837,openai,gpt-4o-mini,NO,0.01,1.0,9,0.0,1.0,YES,False,
2025-12-27T06:00:58.149119,KXINX-25DEC29H1600-B6837,claude,claude-3-haiku-20240307,YES,0.3,0.3,7,0.0,1.0,YES,True,
2025-12-27T06:01:03.478078,KXINX-25DEC29H1600-B6837,claude,claude-sonnet-4-5,SKIP,0.02,-0.98,3,0.0,1.0,YES,False,
