timestamp,trade_id,ticker,action,new_prob,confidence,reasoning,web_context
2025-12-30T13:07:59.087120,20251229_212059_842881,KXCPI-25DEC-T0.3,EXIT,0.25,4,"THE ""NEW INFORMATION"" REVEALS NO ACTUAL NEWS OR DATA THAT CHANGES THE FUNDAMENTAL ASSESSMENT - WE'RE STILL 14 DAYS FROM RESOLUTION WITH ZERO CONCRETE INFORMATION ABOUT DECEMBER 2025 CPI. OUR POSITION IS DOWN 20% AND THE MARKET HAS MOVED AGAINST US (FROM $0.15 TO $0.12), SUGGESTING OTHER PARTICIPANTS HAVE INFORMATION OR ANALYSIS WE LACK. WITH NO POSITIVE CATALYST, DETERIORATING PRICE ACTION, AND THE ORIGINAL 28% PROBABILITY ESTIMATE APPEARING OPTIMISTIC GIVEN THE MARKET'S CURRENT 12% PRICING, THE RISK/REWARD NO LONGER FAVORS HOLDING THIS LOSING POSITION.","No recent news found specifically addressing the hypothetical December 2025 CPI figure. It's impossible to find news articles from the last 7 days directly predicting a specific CPI number that far in the future. Economic forecasting doesn't work with that level of precision that far out.  However, here's some relevant background and factors that would influence that number:  *   **CPI Calculation:** The Consumer Price Index (CPI) measures the average change over time in the prices paid by urban"
2025-12-30T14:15:18.030046,20251229_033325_077328,KXCPICOMBO-25DEC-027,EXIT,0.45,6,"NO NEW INFORMATION HAS EMERGED TO SUPPORT OUR THESIS, AND THE MARKET HAS MOVED AGAINST US (-18.2% UNREALIZED LOSS). WITH 13 DAYS TO RESOLUTION BUT THE EVENT BEING DECEMBER 2025 CPI DATA (WHICH WON'T BE RELEASED UNTIL JANUARY 2026), THIS APPEARS TO BE A MARKET STRUCTURE ISSUE - WE'RE LIKELY IN THE WRONG CONTRACT OR THERE'S CONFUSION ABOUT RESOLUTION TIMING. THE COMBINATION OF NEGATIVE PRICE MOVEMENT, NO SUPPORTING CATALYSTS, AND OUR ENTRY ABOVE CURRENT FAIR VALUE (0.33 VS 0.27) SUGGESTS OUR EDGE HAS EVAPORATED AND WE SHOULD CUT LOSSES.","No recent news found (last 7 days) specifically addressing CPI and YoY CPI forecasts for December 2025. It is too far in the future for specific predictions to be widely discussed in current news cycles.  **Relevant Background & Factors Influencing CPI:**  *   **Inflation Targets:** The Federal Reserve (the Fed) targets an average inflation rate of 2% over the long run. Their monetary policy decisions (interest rate adjustments, quantitative tightening) are the primary tools used to influence in"
2025-12-30T22:48:31.940876,20251229_211348_054164,KXCPICOMBO-25DEC-0129,EXIT,0.28,6,"NO NEW INFORMATION HAS EMERGED TO SUPPORT OUR THESIS, AND THE MARKET HAS MOVED AGAINST US (-25% UNREALIZED LOSS). THE CURRENT PRICE OF $0.06 SUGGESTS THE MARKET NOW ASSIGNS ~6% PROBABILITY TO THIS OUTCOME, SIGNIFICANTLY BELOW OUR ORIGINAL 31% ESTIMATE. WITHOUT CATALYSTS TO SUPPORT OUR POSITION AND WITH THE MARKET REPRICING DOWNWARD, OUR EDGE APPEARS TO HAVE ERODED, MAKING THIS AN APPROPRIATE TIME TO CUT LOSSES BEFORE FURTHER DETERIORATION.","No recent news found.  It is impossible to definitively predict CPI and YoY CPI for December 2025. These figures will depend on numerous economic factors evolving over the next two years. However, here's some relevant background information that influences CPI:  *   **Inflation Trends:** Recent inflation trends and the Federal Reserve's monetary policy are crucial. If inflation remains persistent, the likelihood of CPI and YoY CPI exceeding the stated thresholds increases. Conversely, if the Fed"
2025-12-31T22:52:36.201520,20251229_033325_077328,KXCPICOMBO-25DEC-027,EXIT,0.45,6,"THE ""NEW INFORMATION"" PROVIDES NO ACTUAL DATA OR DEVELOPMENTS - IT'S JUST GENERIC BACKGROUND ON CPI MECHANICS. WITH 12 DAYS TO RESOLUTION AND NO CONCRETE INFORMATION SUGGESTING THE MARKET IS MISPRICED, OUR -18.2% UNREALIZED LOSS INDICATES THE MARKET HAS MOVED AGAINST OUR THESIS. GIVEN WE ENTERED AT 49% PROBABILITY BUT THE MARKET NOW PRICES THIS AT 27%, AND WE HAVE NO NEW INFORMATION TO JUSTIFY OUR ORIGINAL CONVICTION, THE RISK/REWARD NO LONGER FAVORS HOLDING THIS LOSING POSITION.","No recent news found.  It's impossible to definitively answer whether the CPI will be above 0% and the YoY CPI will be above 2.7% for December 2025 with current news. Economic forecasting that far out is inherently uncertain. However, here's some relevant background and factors to consider:  *   **CPI and Inflation:** The Consumer Price Index (CPI) measures the average change over time in the prices paid by urban consumers for a basket of consumer goods and services. Inflation is the rate of inc"
2026-01-01T03:25:07.636942,20260101_022328_401413,KXJOBLESSCLAIMS-26JAN08-210000,EXIT,0.4,3,"THE ""NEW INFORMATION"" PROVIDES NO ACTUAL DATA OR INSIGHTS THAT WOULD HELP EVALUATE THIS POSITION - IT MERELY STATES THAT FUTURE DATA CANNOT BE PREDICTED AND LISTS GENERAL ECONOMIC FACTORS. WITHOUT ANY CONCRETE INFORMATION ABOUT CURRENT ECONOMIC TRENDS, LEADING INDICATORS, OR EXPERT FORECASTS THAT WOULD SUPPORT A 40% PROBABILITY OF CLAIMS BEING ABOVE 210,000, THERE'S NO BASIS TO MAINTAIN THIS POSITION. THE LACK OF ACTIONABLE INFORMATION COMBINED WITH ONLY 7 DAYS TO RESOLUTION SUGGESTS EXITING AT BREAKEVEN IS PRUDENT.","No recent news found.  It is impossible to provide a definitive answer or recent news regarding initial jobless claims for the week ending January 3, 2026. That date is in the future. No news outlets or economic analysts would be reporting on a specific jobless claims number that far in advance.  However, here's some relevant background information that generally influences jobless claim predictions:  *   **Jobless Claims Data:** Initial jobless claims are a weekly measure of the number of peopl"
2026-01-01T06:50:26.351474,20251229_212059_842881,KXCPI-25DEC-T0.3,EXIT,0.25,6,"THE ""NEW INFORMATION"" PROVIDED IS ENTIRELY GENERIC BACKGROUND ABOUT CPI FACTORS WITH NO ACTUAL DATA OR DEVELOPMENTS THAT WOULD SUPPORT OUR YES POSITION. WITH NO RECENT NEWS, WE'RE DOWN 20% ON A SPECULATIVE BET MADE AT 15 CENTS (IMPLYING 15% PROBABILITY) WHEN OUR ORIGINAL ANALYSIS SUGGESTED ONLY 28% PROBABILITY - MEANING WE LIKELY OVERPAID INITIALLY. THE MARKET HAS MOVED AGAINST US TO 12 CENTS, AND WITHOUT ANY CATALYSTS OR INFORMATION TO JUSTIFY HOLDING A LOSING POSITION 12 DAYS FROM RESOLUTION, WE SHOULD CUT LOSSES RATHER THAN HOPE FOR AN UNLIKELY OUTCOME.","No recent news found.  It is impossible to definitively answer whether the CPI will rise more than 0.3% in December 2025. Forecasting inflation that far out is highly speculative. However, here's some relevant background information:  *   **CPI (Consumer Price Index):** The CPI measures the average change over time in the prices paid by urban consumers for a market basket of consumer goods and services. It's a key indicator of inflation. *   **Factors Influencing CPI:** Many factors influence th"
2026-01-01T15:33:52.123562,20260101_123225_644465,KXJOBLESSCLAIMS-26JAN08-210000,EXIT,0.35,4,"THE ""NEW INFORMATION"" REVEALS NO ACTUAL DATA OR DEVELOPMENTS THAT WOULD CHANGE OUR PROBABILITY ASSESSMENT - IT'S JUST GENERAL BACKGROUND CONTEXT. MORE CRITICALLY, WE'RE NOW 6 DAYS FROM RESOLUTION WITH NO CONCRETE INFORMATION ADVANTAGE, AND THE MARKET HAS ALREADY MOVED 12% IN OUR FAVOR FROM $0.25 TO $0.28. GIVEN WE LACK ANY EDGE ON PREDICTING THE ACTUAL JANUARY 3, 2026 JOBLESS CLAIMS NUMBER AND THE MARKET HAS REPRICED CLOSER TO FAIR VALUE, WE SHOULD TAKE OUR PROFIT RATHER THAN HOLD THROUGH BINARY RESOLUTION RISK.","No recent news found.  It is impossible to provide a definitive prediction for initial jobless claims for the week ending January 3, 2026, as that date is in the future. No reliable news sources or experts can accurately predict economic indicators that far in advance. Economic forecasting is generally limited to shorter time horizons due to the inherent uncertainties involved.  However, here's some relevant background information that influences jobless claims:  *   **Economic Conditions:** The"
2026-01-02T03:10:10.928674,20260101_155528_773956,KXCPI-25DEC-T0.3,EXIT,0.28,7,"THE ""NEW INFORMATION"" PROVIDES NO ACTUAL DATA OR DEVELOPMENTS THAT WOULD CHANGE THE FUNDAMENTAL PROBABILITY FROM OUR ORIGINAL 28% ASSESSMENT. MORE CRITICALLY, THE MARKET HAS MOVED FROM $0.15 TO $0.19, ELIMINATING OUR EDGE - WE ENTERED BELIEVING THE MARKET WAS UNDERPRICING AT 15% VS OUR 28% ESTIMATE, BUT AT 19% THE MISPRICING HAS LARGELY CLOSED. WITH 11 DAYS TO RESOLUTION AND NO NEW INFORMATION TO JUSTIFY HOLDING, WE SHOULD TAKE OUR +26.7% PROFIT RATHER THAN RISK GIVING IT BACK ON WHAT IS NOW A FAIRLY-PRICED POSITION.","No recent news found.  It is impossible to definitively answer whether the CPI will rise more than 0.3% in December 2025 because that date is far in the future. Economic forecasting is notoriously difficult, especially over such a long time horizon. Many factors could influence the CPI between now and then.  However, here's some relevant background information:  *   **CPI (Consumer Price Index):** The CPI is a measure of the average change over time in the prices paid by urban consumers for a ma"
2026-01-02T15:44:01.779696,20260102_094204_923336,KXCPI-25DEC-T0.3,EXIT,0.28,6,"NO NEW INFORMATION HAS EMERGED TO VALIDATE OUR ORIGINAL THESIS, AND THE MARKET HAS MOVED 20% IN OUR FAVOR WITHOUT ANY FUNDAMENTAL CATALYST. THE ""NEW INFORMATION"" PROVIDED IS MERELY BACKGROUND CONTEXT THAT WAS AVAILABLE AT ENTRY, SUGGESTING OUR EDGE HAS BEEN ARBITRAGED AWAY. WITH ONLY 10 DAYS TO RESOLUTION AND NO CONCRETE DATA SUPPORTING A >0.3% DECEMBER CPI INCREASE, THE RISK/REWARD NO LONGER FAVORS HOLDING AT $0.18 VERSUS OUR $0.15 ENTRY WHEN OUR PROBABILITY ASSESSMENT REMAINS UNCHANGED AT 28%.","No recent news found.  It is impossible to definitively answer whether the CPI will rise more than 0.3% in December 2025. Predicting inflation so far into the future is highly speculative. However, we can consider factors that will influence the outcome.  Background:  *   **CPI (Consumer Price Index):** The CPI measures the average change over time in the prices paid by urban consumers for a basket of consumer goods and services. It's a key indicator of inflation. *   **Federal Reserve Policy:**"
2026-01-05T15:40:58.339322,20260101_011025_303426,KXCPICOMBO-25DEC-027,EXIT,0.46,6,"NO NEW INFORMATION HAS EMERGED TO CHANGE THE FUNDAMENTAL PROBABILITY FROM OUR ORIGINAL 46% ASSESSMENT, YET THE MARKET HAS MOVED FROM $0.27 TO $0.30, SUGGESTING OTHER PARTICIPANTS ARE PRICING IN HIGHER ODDS. WITH ONLY 7 DAYS TO RESOLUTION AND NO INFORMATIONAL EDGE, WE'RE NOW HOLDING A POSITION WHERE THE MARKET PRICE ($0.30) EXCEEDS OUR PROBABILITY ESTIMATE (0.46), ELIMINATING OUR ORIGINAL VALUE PROPOSITION. TAKING THE +11.1% PROFIT IS PRUDENT GIVEN WE HAVE NO SUPERIOR INFORMATION AND THE FAVORABLE PRICE MOVEMENT HAS CLOSED OUR EDGE.","No recent news found.  It is impossible to definitively answer whether the CPI will be above 0% and the YoY CPI will be above 2.7% for December 2025 with current information. Economic forecasting that far out is inherently unreliable. However, here's some relevant background information that would be considered when making such a prediction:  *   **CPI (Consumer Price Index):** A measure of the average change over time in the prices paid by urban consumers for a market basket of consumer goods a"
2026-01-05T15:41:08.535859,20260104_045500_509808,KXCPI-25DEC-T0.3,EXIT,0.28,6,"THE NEW INFORMATION REVEALS NO CONCRETE DATA TO SUPPORT OUR ORIGINAL 37% PROBABILITY ESTIMATE, AND THE MARKET HAS ALREADY MOVED SIGNIFICANTLY IN OUR FAVOR (+40% P&L). WITH ONLY 7 DAYS TO RESOLUTION AND NO NEW INFORMATION TO VALIDATE OUR THESIS, THE CURRENT PRICE OF $0.28 APPEARS TO FAIRLY REFLECT THE SPECULATIVE UNCERTAINTY AROUND DECEMBER 2025 CPI PREDICTIONS. OUR EDGE HAS LIKELY BEEN CAPTURED, AND HOLDING INTO RESOLUTION WITH SUCH LIMITED TIME AND INFORMATION CARRIES UNNECESSARY RISK.",No recent news found.  It is impossible to definitively answer whether the CPI will rise more than 0.3% in December 2025 based on current information. Predicting inflation that far into the future is highly speculative. Here's some background information:  *   **CPI (Consumer Price Index):** A measure of the average change over time in the prices paid by urban consumers for a basket of consumer goods and services. It is a key indicator of inflation. *   **Factors Influencing CPI:** Numerous fact
2026-01-05T18:43:04.980173,20260105_154235_188444,KXCPI-25DEC-T0.3,EXIT,0.44,3,"THE ""NEW INFORMATION"" PROVIDES NO ACTUAL DATA - IT'S GENERIC BACKGROUND ABOUT CPI FACTORS THAT WAS ALREADY KNOWN AT ENTRY. WITH ONLY 7 DAYS TO RESOLUTION FOR A DECEMBER 2025 EVENT, THIS APPEARS TO BE A DATA ERROR OR THE MARKET IS FUNDAMENTALLY BROKEN. OUR +10.7% GAIN SHOULD BE CAPTURED IMMEDIATELY AS THERE'S NO VALID THESIS TO EVALUATE FOR AN EVENT 11+ MONTHS AWAY THAT SUPPOSEDLY RESOLVES IN A WEEK.","No recent news found.  It's impossible to definitively answer whether the CPI will rise more than 0.3% in December 2025 with current information. Predicting inflation so far into the future is highly speculative.  However, here's some relevant background information and factors that will influence the CPI in December 2025:  *   **CPI Calculation:** The Consumer Price Index (CPI) measures the average change over time in the prices paid by urban consumers for a market basket of consumer goods and "
2026-01-06T02:41:48.285767,20260106_000946_626019,KXCPICOMBO-25DEC-027,EXIT,0.47,6,"THE ""NEW INFORMATION"" REVEALS NO ACTUAL NEWS OR DATA THAT WOULD CHANGE OUR ASSESSMENT - WE'RE 7 DAYS FROM RESOLUTION WITH ZERO VISIBILITY INTO DECEMBER 2025 CPI DATA. MORE CRITICALLY, WE ENTERED AT 27% WHEN OUR MODEL ESTIMATED 47% PROBABILITY, SUGGESTING A SIGNIFICANT EDGE, BUT THE CURRENT PRICE REMAINS AT 27% WITH NO MOVEMENT DESPITE BEING NEAR RESOLUTION. THIS LACK OF PRICE DISCOVERY SUGGESTS EITHER THE MARKET IS ILLIQUID OR OUR ORIGINAL PROBABILITY ESTIMATE WAS FLAWED, AND HOLDING A POSITION THIS CLOSE TO RESOLUTION WITHOUT ANY CONFIRMING INFORMATION OR PRICE MOVEMENT TOWARD OUR THESIS IS UNJUSTIFIED RISK.","No recent news found.  It's impossible to definitively answer whether the CPI will be above 0% and the YoY CPI above 2.7% for December 2025 with current news. No reliable sources can predict inflation with certainty that far into the future. Inflation forecasts are inherently uncertain and subject to change based on numerous unpredictable factors.  However, here's some relevant background information:  *   **CPI (Consumer Price Index):** A measure of the average change over time in the prices pa"
2026-01-06T05:20:19.863298,20260106_024241_898096,KXCPI-25DEC-T0.3,EXIT,0.38,6,"THE ""NEW INFORMATION"" PROVIDES NO ACTUAL DATA OR DEVELOPMENTS - IT'S MERELY A FRAMEWORK OF FACTORS THAT INFLUENCE CPI, WHICH WE ALREADY KNEW AT ENTRY. WITH ONLY 7 DAYS TO RESOLUTION AND NO CONCRETE INFORMATION TO UPDATE OUR PROBABILITY FROM THE ORIGINAL 38%, WE'RE CURRENTLY HOLDING A POSITION AT $0.22 THAT OUR MODEL SAYS SHOULD BE WORTH $0.38. HOWEVER, THE MARKET HASN'T MOVED SIGNIFICANTLY TOWARD OUR THESIS, SUGGESTING OTHER PARTICIPANTS DON'T SEE THE EDGE WE THOUGHT EXISTED. GIVEN THE LACK OF NEW SUPPORTING EVIDENCE AND MINIMAL TIME FOR OUR THESIS TO PLAY OUT, WE SHOULD TAKE THE 10% PROFIT AND EXIT RATHER THAN RISK THE POSITION DETERIORATING.","No recent news found.  It's impossible to definitively answer whether the CPI will rise more than 0.3% in December 2025 based on current news. Predicting inflation that far into the future is highly speculative. However, we can outline key factors and background information that will influence the outcome:  *   **Federal Reserve Policy:** The Fed's monetary policy decisions (interest rate adjustments, quantitative tightening) will be a primary driver of inflation. Their actions in 2024 and 2025 "
2026-01-06T08:57:45.817954,20260106_075549_098743,KXJOBLESSCLAIMS-26JAN08-210000,EXIT,0.49,6,"WITH ONLY 2 DAYS TO RESOLUTION AND NO NEW INFORMATION AVAILABLE, THE CURRENT MARKET PRICE OF $0.49 LIKELY REFLECTS ALL AVAILABLE INFORMATION BETTER THAN OUR ORIGINAL 60% ESTIMATE. OUR EDGE HAS DIMINISHED AS WE'RE NOW ESSENTIALLY AT FAIR VALUE, AND THE 8.9% UNREALIZED GAIN PROVIDES A GOOD OPPORTUNITY TO LOCK IN PROFITS RATHER THAN HOLD THROUGH BINARY RESOLUTION RISK WITH NO INFORMATIONAL ADVANTAGE.","No recent news found.  It is impossible to provide a definitive answer or news articles about initial jobless claims for the week ending January 3, 2026, as that date is in the future. There is no existing news coverage or expert analysis on a future event.  However, here's some relevant background information that generally influences initial jobless claims:  *   **Economic Indicators:** Jobless claims are a lagging economic indicator. They reflect current layoffs and hiring freezes. A strong e"
2026-01-06T10:02:55.046656,20260106_085926_699039,KXCPICOMBO-25DEC-027,HOLD,0.45,4,"NO NEW INFORMATION HAS EMERGED IN THE PAST 7 DAYS THAT MATERIALLY CHANGES THE THESIS. THE MARKET CONDITION REQUIRES BOTH MONTHLY CPI > 0% AND YOY CPI > 2.7%, WHICH REMAINS A MODERATELY CHALLENGING BAR GIVEN THE FED'S 2% TARGET AND RECENT DISINFLATION TRENDS. WITH ONLY 7 DAYS TO RESOLUTION AND NO FUNDAMENTAL CHANGE TO OUR ANALYSIS, OUR SLIGHT EDGE AT ENTRY PRICE $0.27 VERSUS CURRENT $0.28 REMAINS MARGINALLY INTACT, THOUGH THE POSITION IS ESSENTIALLY AT FAIR VALUE NOW.","No recent news found (within the last 7 days) specifically addressing CPI projections for December 2025.  However, here's some relevant background information and factors that could influence the CPI in December 2025:  *   **Inflation Trends:** Inflation has been a major economic concern in recent years. While it has cooled down from its peak in 2022, the Federal Reserve's target remains at 2%. The trajectory of inflation in 2024 and 2025 will significantly impact the CPI in December 2025.  *   "
2026-01-06T12:36:11.272530,20260106_100349_990345,KXCPI-25DEC-T0.3,EXIT,0.38,3,"THE ""NEW INFORMATION"" PROVIDES NO ACTUAL DATA OR DEVELOPMENTS - IT'S GENERIC BACKGROUND ABOUT CPI THAT DOESN'T CHANGE OUR ASSESSMENT. MORE CRITICALLY, WE'RE 7 DAYS FROM RESOLUTION OF A DECEMBER 2025 EVENT, WHICH APPEARS TO BE AN ERROR SINCE DECEMBER 2025 HASN'T OCCURRED YET. WITHOUT CLARITY ON WHAT THIS MARKET ACTUALLY RESOLVES ON OR ANY MEANINGFUL NEW INFORMATION TO JUSTIFY OUR 38% PROBABILITY VS THE 22% MARKET PRICE, WE LACK EDGE TO MAINTAIN THIS POSITION.","No recent news found.  It is impossible to definitively answer whether the CPI will rise more than 0.3% in December 2025, as that date is far in the future. Economic forecasting is inherently uncertain, especially over such a long time horizon.  However, understanding the factors influencing CPI and current economic conditions provides some context:  *   **CPI (Consumer Price Index):** A measure of the average change over time in the prices paid by urban consumers for a market basket of consumer"
2026-01-06T13:41:04.496592,20260106_123650_954728,KXCPI-25DEC-T0.3,HOLD,0.35,4,"NO NEW INFORMATION HAS EMERGED TO CHANGE THE FUNDAMENTAL THESIS. THE MARKET HAS MOVED FROM $0.22 TO $0.26, BUT THIS STILL IMPLIES ONLY ~26% PROBABILITY WHILE OUR ANALYSIS SUGGESTS 35% IS MORE APPROPRIATE, MAINTAINING A POSITIVE EDGE. WITH 6 DAYS TO RESOLUTION, WE'RE ESSENTIALLY AT DECEMBER 2025 NOW, SO THE ACTUAL CPI DATA SHOULD BE RELEASED IMMINENTLY - HOLDING MAKES SENSE TO SEE THE RESOLUTION GIVEN OUR POSITION STILL APPEARS UNDERPRICED RELATIVE TO OUR PROBABILITY ASSESSMENT.","No recent news found.  It is impossible to definitively answer whether the CPI will rise more than 0.3% in December 2025 based on news from the last 7 days, as that is too far into the future. Economic forecasting is inherently uncertain. However, understanding the factors influencing CPI and current expert analysis provides context.  **Background Information:**  *   **CPI (Consumer Price Index):** A measure of the average change over time in the prices paid by urban consumers for a market baske"
